CR Number,Title,Severity,CR Type,CR Status,Created By,CR Assignee,Created On,Parent CR,Software Image Integration Build
4098930,[FR101966][Kaanapali][MMA] Heysnapdragon UV enrollment is same as the TIUV enrollment,Medium,Bug,Closed,jialinl,jinzhang,3/28/2025 2:32:10 AM,NA,LA.QSSI.16.0-16300-qssi.1-1
4098930,[FR101966][Kaanapali][MMA] Heysnapdragon UV enrollment is same as the TIUV enrollment,Medium,Bug,Closed,jialinl,jinzhang,3/28/2025 2:32:10 AM,NA,LA.QSSI.17.0-01302-qssi.1-1
4098930,[FR101966][Kaanapali][MMA] Heysnapdragon UV enrollment is same as the TIUV enrollment,Medium,Bug,Closed,jialinl,jinzhang,3/28/2025 2:32:10 AM,NA,LA.QXSI.16.0-06102-qssi.1-2
4098930,[FR101966][Kaanapali][MMA] Heysnapdragon UV enrollment is same as the TIUV enrollment,Medium,Bug,Closed,jialinl,jinzhang,3/28/2025 2:32:10 AM,NA,NA
4101956,[FR95041][Kaanapali.LA.1.0][VoiceAIDspASRRef] Low power buffer mode no ASR transcription,Medium,Bug,InProgress,jialinl,ayugupt,4/1/2025 8:42:12 AM,NA,AUDIOREACH_SPF.SDK.0.0-00068-AR_SDK-1
4101956,[FR95041][Kaanapali.LA.1.0][VoiceAIDspASRRef] Low power buffer mode no ASR transcription,Medium,Bug,InProgress,jialinl,ayugupt,4/1/2025 8:42:12 AM,NA,LPAIDSP.HT.1.1-01154-PAKALA-1
4101956,[FR95041][Kaanapali.LA.1.0][VoiceAIDspASRRef] Low power buffer mode no ASR transcription,Medium,Bug,InProgress,jialinl,ayugupt,4/1/2025 8:42:12 AM,NA,MPSS.KI.1.0-00791-AMBOSELI_CORE_TEST-1
4101956,[FR95041][Kaanapali.LA.1.0][VoiceAIDspASRRef] Low power buffer mode no ASR transcription,Medium,Bug,InProgress,jialinl,ayugupt,4/1/2025 8:42:12 AM,NA,ADSP.HT.5.5.c10-00022-KODIAK-1
4101956,[FR95041][Kaanapali.LA.1.0][VoiceAIDspASRRef] Low power buffer mode no ASR transcription,Medium,Bug,InProgress,jialinl,ayugupt,4/1/2025 8:42:12 AM,NA,ADSP.VT.5.2.c7-00022-SM6150-1
4101956,[FR95041][Kaanapali.LA.1.0][VoiceAIDspASRRef] Low power buffer mode no ASR transcription,Medium,Bug,InProgress,jialinl,ayugupt,4/1/2025 8:42:12 AM,NA,LPAIDSP.HT.1.2-00570.1-KAANAPALI-1
4101956,[FR95041][Kaanapali.LA.1.0][VoiceAIDspASRRef] Low power buffer mode no ASR transcription,Medium,Bug,InProgress,jialinl,ayugupt,4/1/2025 8:42:12 AM,NA,MPSS.CY.2.0-00250-KUNO_GENAUTO_TEST-1
4101956,[FR95041][Kaanapali.LA.1.0][VoiceAIDspASRRef] Low power buffer mode no ASR transcription,Medium,Bug,InProgress,jialinl,ayugupt,4/1/2025 8:42:12 AM,NA,MPSS.KI.0.1-01279-KAANAPALI_GENPICTORRFCONVPHY_TEST-1
4101956,[FR95041][Kaanapali.LA.1.0][VoiceAIDspASRRef] Low power buffer mode no ASR transcription,Medium,Bug,InProgress,jialinl,ayugupt,4/1/2025 8:42:12 AM,NA,CDSP.HT.3.2-00505.1-KAANAPALI-1
4101956,[FR95041][Kaanapali.LA.1.0][VoiceAIDspASRRef] Low power buffer mode no ASR transcription,Medium,Bug,InProgress,jialinl,ayugupt,4/1/2025 8:42:12 AM,NA,LPAIDSP.HT.1.5-00076-BALSAM-1
4101956,[FR95041][Kaanapali.LA.1.0][VoiceAIDspASRRef] Low power buffer mode no ASR transcription,Medium,Bug,InProgress,jialinl,ayugupt,4/1/2025 8:42:12 AM,NA,NA
4101956,[FR95041][Kaanapali.LA.1.0][VoiceAIDspASRRef] Low power buffer mode no ASR transcription,Medium,Bug,InProgress,jialinl,ayugupt,4/1/2025 8:42:12 AM,NA,MPSS.DE.9.0.r99-00284.1-KAANAPALI_GENTXCONV_TEST-1
4109618,[FR95041][Kaanapali.LA.1.0][VoiceAIDspASRRef]  Remove QSS API  for speaker Diarization,Medium,Bug,Closed,mincyao,ruocxu,4/8/2025 7:51:25 AM,NA,LA.QSSI.16.0-16300-qssi.1-1
4109618,[FR95041][Kaanapali.LA.1.0][VoiceAIDspASRRef]  Remove QSS API  for speaker Diarization,Medium,Bug,Closed,mincyao,ruocxu,4/8/2025 7:51:25 AM,NA,LA.QXSI.16.0-06102-qssi.1-2
4109618,[FR95041][Kaanapali.LA.1.0][VoiceAIDspASRRef]  Remove QSS API  for speaker Diarization,Medium,Bug,Closed,mincyao,ruocxu,4/8/2025 7:51:25 AM,NA,NA
4109618,[FR95041][Kaanapali.LA.1.0][VoiceAIDspASRRef]  Remove QSS API  for speaker Diarization,Medium,Bug,Closed,mincyao,ruocxu,4/8/2025 7:51:25 AM,NA,LA.QSSI.17.0-01302-qssi.1-1
4109618,[FR95041][Kaanapali.LA.1.0][VoiceAIDspASRRef]  Remove QSS API  for speaker Diarization,Medium,Bug,Closed,mincyao,ruocxu,4/8/2025 7:51:25 AM,NA,LA.QXSI.16.0.r1-00200-qssi.0-3
4111202,[FR101966][Kaanapali][MMA] Device would get crash when enable MMPA ASR logger function(100%),High,Bug,InProgress,jialinl,pbarman,4/9/2025 8:40:52 AM,NA,NA
4111202,[FR101966][Kaanapali][MMA] Device would get crash when enable MMPA ASR logger function(100%),High,Bug,InProgress,jialinl,pbarman,4/9/2025 8:40:52 AM,NA,ADSP.HT.5.5.c10-00022-KODIAK-1
4111202,[FR101966][Kaanapali][MMA] Device would get crash when enable MMPA ASR logger function(100%),High,Bug,InProgress,jialinl,pbarman,4/9/2025 8:40:52 AM,NA,CDSP.HT.3.2-00515-HAWI-1
4111202,[FR101966][Kaanapali][MMA] Device would get crash when enable MMPA ASR logger function(100%),High,Bug,InProgress,jialinl,pbarman,4/9/2025 8:40:52 AM,NA,LPAIDSP.HT.1.2-00578-HAWI-1
4111202,[FR101966][Kaanapali][MMA] Device would get crash when enable MMPA ASR logger function(100%),High,Bug,InProgress,jialinl,pbarman,4/9/2025 8:40:52 AM,NA,MPSS.KI.0.1-01279-KAANAPALI_GENPICTORRFCONVPHY_TEST-1
4111202,[FR101966][Kaanapali][MMA] Device would get crash when enable MMPA ASR logger function(100%),High,Bug,InProgress,jialinl,pbarman,4/9/2025 8:40:52 AM,NA,ADSP.VT.5.2.c7-00022-SM6150-1
4111202,[FR101966][Kaanapali][MMA] Device would get crash when enable MMPA ASR logger function(100%),High,Bug,InProgress,jialinl,pbarman,4/9/2025 8:40:52 AM,NA,MPSS.CY.2.0-00250-KUNO_GENAUTO_TEST-1
4111202,[FR101966][Kaanapali][MMA] Device would get crash when enable MMPA ASR logger function(100%),High,Bug,InProgress,jialinl,pbarman,4/9/2025 8:40:52 AM,NA,MPSS.KI.1.0-00791-AMBOSELI_CORE_TEST-1
4111202,[FR101966][Kaanapali][MMA] Device would get crash when enable MMPA ASR logger function(100%),High,Bug,InProgress,jialinl,pbarman,4/9/2025 8:40:52 AM,NA,AUDIOREACH_SPF.SDK.0.0-00070-AR_SDK-1
4111202,[FR101966][Kaanapali][MMA] Device would get crash when enable MMPA ASR logger function(100%),High,Bug,InProgress,jialinl,pbarman,4/9/2025 8:40:52 AM,NA,LPAIDSP.HT.1.5-00076-BALSAM-1
4111202,[FR101966][Kaanapali][MMA] Device would get crash when enable MMPA ASR logger function(100%),High,Bug,InProgress,jialinl,pbarman,4/9/2025 8:40:52 AM,NA,MPSS.DE.9.0.r99-00284.1-KAANAPALI_GENTXCONV_TEST-1
4111202,[FR101966][Kaanapali][MMA] Device would get crash when enable MMPA ASR logger function(100%),High,Bug,InProgress,jialinl,pbarman,4/9/2025 8:40:52 AM,NA,AUDIOREACH_WIN.SDK.0.0-00014-Debug-3
4115918,FW: [OPPO | case#07791882 | SM6650] Invalid dangling connection found in diff/merge due to corrupted ACDB files.,Medium,Bug,Analysis,mincyao,nsimon,4/14/2025 6:50:56 AM,NA,NA
4117293,[FR103072][Kaanapali][TTS]TTS app would get crash when click play button twice(100%),Medium,Bug,InProgress,jialinl,yongfeiz,4/15/2025 6:22:07 AM,NA,NA
4117699,[QPM][TTS][1.0.0.0][Kaanpali][LA] Missing clear path for lib in SDK readme,Medium,Bug,InProgress,haiyxiao,feisun,4/15/2025 9:41:46 AM,NA,NA
4120425,[FR95041][Kaanapali.LA.1.0][VoiceAIDspASRRef] enable QSS API for speaker Diarization ,Medium,Bug,Closed,mincyao,ruocxu,4/17/2025 4:15:01 AM,NA,LA.QSSI.16.0-17400-qssi.1-1
4120425,[FR95041][Kaanapali.LA.1.0][VoiceAIDspASRRef] enable QSS API for speaker Diarization ,Medium,Bug,Closed,mincyao,ruocxu,4/17/2025 4:15:01 AM,NA,NA
4120425,[FR95041][Kaanapali.LA.1.0][VoiceAIDspASRRef] enable QSS API for speaker Diarization ,Medium,Bug,Closed,mincyao,ruocxu,4/17/2025 4:15:01 AM,NA,LA.QXSI.16.0-06700-qssi.1-1
4122211,[FR101966][Kaanapali][MMA]UV could not delete after enrollment,High,Bug,Closed,jialinl,jinzhang,4/18/2025 7:05:35 AM,NA,LA.QSSI.16.0-19700-qssi.1-1
4122211,[FR101966][Kaanapali][MMA]UV could not delete after enrollment,High,Bug,Closed,jialinl,jinzhang,4/18/2025 7:05:35 AM,NA,NA
4122211,[FR101966][Kaanapali][MMA]UV could not delete after enrollment,High,Bug,Closed,jialinl,jinzhang,4/18/2025 7:05:35 AM,NA,LA.QXSI.16.0-08200-qssi.1-1
4122276,[FR101966][Kaanapali][MMA] Others' voices could activate the app while Heysnapdragon UV enabled,High,Bug,Closed,jialinl,jinzhang,4/18/2025 7:53:58 AM,NA,LA.QSSI.16.0-19700-qssi.1-1
4122276,[FR101966][Kaanapali][MMA] Others' voices could activate the app while Heysnapdragon UV enabled,High,Bug,Closed,jialinl,jinzhang,4/18/2025 7:53:58 AM,NA,LA.QXSI.16.0-08200-qssi.1-1
4122276,[FR101966][Kaanapali][MMA] Others' voices could activate the app while Heysnapdragon UV enabled,High,Bug,Closed,jialinl,jinzhang,4/18/2025 7:53:58 AM,NA,NA
4123143,[Kaanapali.LA.1.0][eNPU ASUS] Meta528 adsp crash LPAIDSP:User Process crashed,Medium,Bug,Duplicate,haiyxiao,ayugupt,4/21/2025 1:39:34 AM,4133354,NA
4123856,[FR101966][Kaanapali][MMA]MMA model could not reset after clear Usecase app data while model enabled,High,Bug,Closed,jialinl,yongfeiz,4/21/2025 9:47:52 AM,NA,NA
4123856,[FR101966][Kaanapali][MMA]MMA model could not reset after clear Usecase app data while model enabled,High,Bug,Closed,jialinl,yongfeiz,4/21/2025 9:47:52 AM,NA,LA.QSSI.16.0-18100-qssi.1-1
4123856,[FR101966][Kaanapali][MMA]MMA model could not reset after clear Usecase app data while model enabled,High,Bug,Closed,jialinl,yongfeiz,4/21/2025 9:47:52 AM,NA,LA.QXSI.16.0-06900-qssi.1-1
4123948,[FR101966][Kaanapali][MMA]ASR logger mode did not work (100%),High,Bug,Duplicate,jialinl,ankmis,4/21/2025 10:43:18 AM,4111202,NA
4125220,[FR103072][QPM][TTS][1.0.0.0][Kaanpali][LA] The beginning of TTS playback will have other content instead of starting from the text（1/6）,Medium,Bug,InProgress,mincyao,dunhye,4/22/2025 7:53:37 AM,NA,NA
4127652,[FR103072][QPM][TTS][1.0.0.0][Kaanpali][LA] The Chinese TTS audio ended very suddenly on device,Medium,Bug,InProgress,haiyxiao,feisun,4/24/2025 2:37:50 AM,NA,NA
4127658,[FR103072][QPM][TTS][1.0.0.0][Kaanpali][LA] Java heap memory leak during perf testing,Medium,Bug,InProgress,haiyxiao,feisun,4/24/2025 2:42:25 AM,NA,NA
4128314,[FR97187][Kaanapali][VoiceCallTranslation]RX service would get crash during tanslation stability test (1/50),Medium,Bug,Analysis,jialinl,feisun,4/24/2025 8:33:26 AM,NA,NA
4128334,[FR95041][Kaanapali][eNPU]ASR function would stop if turn off the screen while using continuous mode(100%),High,Bug,Duplicate,jialinl,phaniu,4/24/2025 8:41:56 AM,4133354,NA
4128340,[FR97187][Kaanapali][ConversationRecording]Conversation app would output repeating contents while ASR function working,High,Bug,Duplicate,jialinl,ankmis,4/24/2025 8:43:57 AM,4129334,NA
4129334,[Kaanapali.LA.1.0] eNPU ASR repeated output at partial buffer 10ms (100%),Medium,Bug,Analysis,haiyxiao,ankmis,4/25/2025 2:39:37 AM,NA,NA
4133354,[FR101966][Kaanapali][MMA]Device would get crash after logger mode function enabled(100%),High,Bug,InProgress,jialinl,pbarman,4/29/2025 9:11:37 AM,NA,NA
4133354,[FR101966][Kaanapali][MMA]Device would get crash after logger mode function enabled(100%),High,Bug,InProgress,jialinl,pbarman,4/29/2025 9:11:37 AM,NA,LPAIDSP.HT.1.2-00594.1-KAANAPALI-1
4133354,[FR101966][Kaanapali][MMA]Device would get crash after logger mode function enabled(100%),High,Bug,InProgress,jialinl,pbarman,4/29/2025 9:11:37 AM,NA,LPAIDSP.HT.1.5-00089-BALSAM-1
4133354,[FR101966][Kaanapali][MMA]Device would get crash after logger mode function enabled(100%),High,Bug,InProgress,jialinl,pbarman,4/29/2025 9:11:37 AM,NA,MPSS.CY.2.0-00258-KUNO_GEN_TEST-1
4133354,[FR101966][Kaanapali][MMA]Device would get crash after logger mode function enabled(100%),High,Bug,InProgress,jialinl,pbarman,4/29/2025 9:11:37 AM,NA,MPSS.KI.0.1-01312.2-SARISKA_RUMIDIAGUARTPICTORRFCONV_TEST-1
4133354,[FR101966][Kaanapali][MMA]Device would get crash after logger mode function enabled(100%),High,Bug,InProgress,jialinl,pbarman,4/29/2025 9:11:37 AM,NA,MPSS.KI.1.0-00829.5-SARISKA_MNRMTEFSKILIVP_TEST-1
4133354,[FR101966][Kaanapali][MMA]Device would get crash after logger mode function enabled(100%),High,Bug,InProgress,jialinl,pbarman,4/29/2025 9:11:37 AM,NA,CDSP.HT.3.2-00525.1-KAANAPALI-1
4133354,[FR101966][Kaanapali][MMA]Device would get crash after logger mode function enabled(100%),High,Bug,InProgress,jialinl,pbarman,4/29/2025 9:11:37 AM,NA,MPSS.DE.9.0.r99-00319-SARISKA_MNRMTEFSPICTORPHY_TEST-1
4138700,[FR103072][QPM][TTS][1.0.0.0][Kaanpali][LA] TTS sample app crash after quick click start/stop SPK,Medium,Bug,InProgress,mincyao,feisun,5/6/2025 2:52:01 AM,NA,NA
4140252,[FR103072][Kaanapali][TTS]TTS playback would fail during double-click button stability test,Medium,Bug,InProgress,jialinl,feisun,5/7/2025 4:01:18 AM,NA,NA
4141859,"[FR103072][QPM][TTS][1.0.0.0][Kaanpali][LA] Text Input Chinese, Language set English, TTS playback with ""UNK""",Medium,Bug,InProgress,mincyao,dunhye,5/8/2025 4:21:59 AM,NA,NA
4141864,[FR103072][QPM][TTS][1.0.0.0][Kaanpali][LA] the Chinese model TTS are miss the last two characters during playback,Medium,Bug,InProgress,mincyao,dunhye,5/8/2025 4:24:23 AM,NA,NA
4142055,[Kaanapali][VoiceAIDspASRRef][Zipformer] Missing all or part of the transcription during KPI testing,Medium,Bug,Duplicate,haiyxiao,ayugupt,5/8/2025 6:12:27 AM,4131039,NA
4142096,[FR103075][Kaanapali] Speaker diarization buffering mode no speaker label,Medium,Bug,InProgress,haiyxiao,jinzhang,5/8/2025 6:28:54 AM,NA,LA.QISI.16.0-00100-qssi.1-1
4142096,[FR103075][Kaanapali] Speaker diarization buffering mode no speaker label,Medium,Bug,InProgress,haiyxiao,jinzhang,5/8/2025 6:28:54 AM,NA,LA.QSSI.16.0-21800-qssi.1-1
4142096,[FR103075][Kaanapali] Speaker diarization buffering mode no speaker label,Medium,Bug,InProgress,haiyxiao,jinzhang,5/8/2025 6:28:54 AM,NA,NA
4142096,[FR103075][Kaanapali] Speaker diarization buffering mode no speaker label,Medium,Bug,InProgress,haiyxiao,jinzhang,5/8/2025 6:28:54 AM,NA,LA.QXSI.16.0-10500-qssi.1-1
4143525,[Kaanapali.LA.1.0][ASR][FR95041] no EC reference for bargein usecase,Medium,Bug,InProgress,haiyxiao,ankmis,5/9/2025 6:16:25 AM,NA,NA
4143525,[Kaanapali.LA.1.0][ASR][FR95041] no EC reference for bargein usecase,Medium,Bug,InProgress,haiyxiao,ankmis,5/9/2025 6:16:25 AM,NA,AUDIO_HANDSET.LA.11.0-09000-pakala.1-1
4151218,[VoiceAI][FR103072][Kaanapali]:Text to Speech (TTS) w/ Open Voice 2.0,NA,Requirement,InProgress,mincyao,jinzhang,5/16/2025 2:58:45 AM,NA,NA
4151218,[VoiceAI][FR103072][Kaanapali]:Text to Speech (TTS) w/ Open Voice 2.0,NA,Requirement,InProgress,mincyao,jinzhang,5/16/2025 2:58:45 AM,NA,LA.QSSI.17.0-09104-qssi.1-2
4151218,[VoiceAI][FR103072][Kaanapali]:Text to Speech (TTS) w/ Open Voice 2.0,NA,Requirement,InProgress,mincyao,jinzhang,5/16/2025 2:58:45 AM,NA,LA.QISI.16.0-01000-qssi.1-1
4151218,[VoiceAI][FR103072][Kaanapali]:Text to Speech (TTS) w/ Open Voice 2.0,NA,Requirement,InProgress,mincyao,jinzhang,5/16/2025 2:58:45 AM,NA,LA.QSSI.16.0-22400-qssi.1-1
4151218,[VoiceAI][FR103072][Kaanapali]:Text to Speech (TTS) w/ Open Voice 2.0,NA,Requirement,InProgress,mincyao,jinzhang,5/16/2025 2:58:45 AM,NA,LA.QXSI.16.0-10500-qssi.1-1
4151892,[FR103071][Kaanapali.LA.1.0][SDZ] No ASR and speaker ID during bargein mode,Medium,Bug,Duplicate,haiyxiao,laksrao,5/16/2025 9:21:54 AM,4143525,NA
4154404,[Kaanapali.LA.1.0][FR103071][SDZ][Zipformer] No speaker label with Zipformer ASR ,Medium,Bug,InProgress,haiyxiao,ayugupt,5/20/2025 1:48:52 AM,NA,LPAIDSP.HT.1.5.c1-00096-BALSAM-1
4154404,[Kaanapali.LA.1.0][FR103071][SDZ][Zipformer] No speaker label with Zipformer ASR ,Medium,Bug,InProgress,haiyxiao,ayugupt,5/20/2025 1:48:52 AM,NA,MPSS.DE.9.0.r99-00372-PAKALA_GEN_TEST-1
4154404,[Kaanapali.LA.1.0][FR103071][SDZ][Zipformer] No speaker label with Zipformer ASR ,Medium,Bug,InProgress,haiyxiao,ayugupt,5/20/2025 1:48:52 AM,NA,MPSS.KI.1.0-00896-AMBOSELI_RUMIDIAGUARTPHY_TEST-1
4154404,[Kaanapali.LA.1.0][FR103071][SDZ][Zipformer] No speaker label with Zipformer ASR ,Medium,Bug,InProgress,haiyxiao,ayugupt,5/20/2025 1:48:52 AM,NA,NA
4154404,[Kaanapali.LA.1.0][FR103071][SDZ][Zipformer] No speaker label with Zipformer ASR ,Medium,Bug,InProgress,haiyxiao,ayugupt,5/20/2025 1:48:52 AM,NA,LPAIDSP.HT.1.2-00628-KAANAPALI_PKG_TEST-1
4154404,[Kaanapali.LA.1.0][FR103071][SDZ][Zipformer] No speaker label with Zipformer ASR ,Medium,Bug,InProgress,haiyxiao,ayugupt,5/20/2025 1:48:52 AM,NA,LPAIDSP.HT.1.5-00117-BALSAM-1
4154404,[Kaanapali.LA.1.0][FR103071][SDZ][Zipformer] No speaker label with Zipformer ASR ,Medium,Bug,InProgress,haiyxiao,ayugupt,5/20/2025 1:48:52 AM,NA,MPSS.CYSP.1.0-00022-AMBOSELI_RUMIDIAGUARTALIOTHPHY_TEST-1
4154404,[Kaanapali.LA.1.0][FR103071][SDZ][Zipformer] No speaker label with Zipformer ASR ,Medium,Bug,InProgress,haiyxiao,ayugupt,5/20/2025 1:48:52 AM,NA,CDSP.HT.3.2-00557-KAANAPALI_PKG_TEST-1
4154404,[Kaanapali.LA.1.0][FR103071][SDZ][Zipformer] No speaker label with Zipformer ASR ,Medium,Bug,InProgress,haiyxiao,ayugupt,5/20/2025 1:48:52 AM,NA,MPSS.CY.2.0-00274-KUNO_GENAUTO_TEST-1
4154404,[Kaanapali.LA.1.0][FR103071][SDZ][Zipformer] No speaker label with Zipformer ASR ,Medium,Bug,InProgress,haiyxiao,ayugupt,5/20/2025 1:48:52 AM,NA,MPSS.KI.0.1-01378-KAANAPALI_GENLTERFCONVPICTOR_TEST-1
4158155,[Kaanapali][VoiceAIDspASRRef][Zipformer] Lost all or part of the transcription during KPI testing,Medium,Bug,InProgress,haiyxiao,vthullim,5/22/2025 7:48:49 AM,NA,LPAIDSP.HT.1.1-01189-PAKALA-1
4158155,[Kaanapali][VoiceAIDspASRRef][Zipformer] Lost all or part of the transcription during KPI testing,Medium,Bug,InProgress,haiyxiao,vthullim,5/22/2025 7:48:49 AM,NA,LPAIDSP.HT.1.3-00357-GLYMUR-2
4158155,[Kaanapali][VoiceAIDspASRRef][Zipformer] Lost all or part of the transcription during KPI testing,Medium,Bug,InProgress,haiyxiao,vthullim,5/22/2025 7:48:49 AM,NA,MPSS.KI.1.0-01091-AMBOSELI_RUMIDIAGUARTALIOTHPHY_TEST-1
4158155,[Kaanapali][VoiceAIDspASRRef][Zipformer] Lost all or part of the transcription during KPI testing,Medium,Bug,InProgress,haiyxiao,vthullim,5/22/2025 7:48:49 AM,NA,NA
4158155,[Kaanapali][VoiceAIDspASRRef][Zipformer] Lost all or part of the transcription during KPI testing,Medium,Bug,InProgress,haiyxiao,vthullim,5/22/2025 7:48:49 AM,NA,ADSP.VT.5.2.c7-00029-SM6150-1
4158155,[Kaanapali][VoiceAIDspASRRef][Zipformer] Lost all or part of the transcription during KPI testing,Medium,Bug,InProgress,haiyxiao,vthullim,5/22/2025 7:48:49 AM,NA,AUDIOREACH_WIN.SDK.0.0-00016-Debug-3
4158155,[Kaanapali][VoiceAIDspASRRef][Zipformer] Lost all or part of the transcription during KPI testing,Medium,Bug,InProgress,haiyxiao,vthullim,5/22/2025 7:48:49 AM,NA,CDSP.HT.3.2-00641-KAANAPALI-1
4158155,[Kaanapali][VoiceAIDspASRRef][Zipformer] Lost all or part of the transcription during KPI testing,Medium,Bug,InProgress,haiyxiao,vthullim,5/22/2025 7:48:49 AM,NA,CDSP.HT.3.6-00047-HAWI-1
4158155,[Kaanapali][VoiceAIDspASRRef][Zipformer] Lost all or part of the transcription during KPI testing,Medium,Bug,InProgress,haiyxiao,vthullim,5/22/2025 7:48:49 AM,NA,LPAIDSP.HT.1.6-00063-HAWI-1
4158155,[Kaanapali][VoiceAIDspASRRef][Zipformer] Lost all or part of the transcription during KPI testing,Medium,Bug,InProgress,haiyxiao,vthullim,5/22/2025 7:48:49 AM,NA,MPSS.CYSP.1.0-00036-AMBOSELI_CORE_TEST-1
4158155,[Kaanapali][VoiceAIDspASRRef][Zipformer] Lost all or part of the transcription during KPI testing,Medium,Bug,InProgress,haiyxiao,vthullim,5/22/2025 7:48:49 AM,NA,ADSP.HT.5.5.c10-00037-KODIAK-1
4158155,[Kaanapali][VoiceAIDspASRRef][Zipformer] Lost all or part of the transcription during KPI testing,Medium,Bug,InProgress,haiyxiao,vthullim,5/22/2025 7:48:49 AM,NA,AUDIOREACH_SPF.SDK.0.0-00084-AR_SDK-1
4158155,[Kaanapali][VoiceAIDspASRRef][Zipformer] Lost all or part of the transcription during KPI testing,Medium,Bug,InProgress,haiyxiao,vthullim,5/22/2025 7:48:49 AM,NA,LPAIDSP.HT.1.2-00718.1-KAANAPALI-1
4158155,[Kaanapali][VoiceAIDspASRRef][Zipformer] Lost all or part of the transcription during KPI testing,Medium,Bug,InProgress,haiyxiao,vthullim,5/22/2025 7:48:49 AM,NA,LPAIDSP.HT.1.5-00201.2-BALSAM-1
4158155,[Kaanapali][VoiceAIDspASRRef][Zipformer] Lost all or part of the transcription during KPI testing,Medium,Bug,InProgress,haiyxiao,vthullim,5/22/2025 7:48:49 AM,NA,MPSS.CY.2.0-00334-KUNO_GEN_TEST-1
4158155,[Kaanapali][VoiceAIDspASRRef][Zipformer] Lost all or part of the transcription during KPI testing,Medium,Bug,InProgress,haiyxiao,vthullim,5/22/2025 7:48:49 AM,NA,LPAIDSP.HT.1.5.c1-00096-BALSAM-1
4158155,[Kaanapali][VoiceAIDspASRRef][Zipformer] Lost all or part of the transcription during KPI testing,Medium,Bug,InProgress,haiyxiao,vthullim,5/22/2025 7:48:49 AM,NA,MPSS.KI.0.1-01568-KAANAPALI_GENNRRFNMCCONVPICTOR_TEST-1
4159191,[FR103071][Kaanapali][SDZ]Speaker Diarization function did not work properly when using speaker playback contents from male & famale,Medium,Bug,Closed,jialinl,jinzhang,5/23/2025 2:56:07 AM,NA,LA.QXSI.16.0-10500-qssi.1-1
4159191,[FR103071][Kaanapali][SDZ]Speaker Diarization function did not work properly when using speaker playback contents from male & famale,Medium,Bug,Closed,jialinl,jinzhang,5/23/2025 2:56:07 AM,NA,NA
4159191,[FR103071][Kaanapali][SDZ]Speaker Diarization function did not work properly when using speaker playback contents from male & famale,Medium,Bug,Closed,jialinl,jinzhang,5/23/2025 2:56:07 AM,NA,LA.QISI.16.0-00100-qssi.1-1
4159191,[FR103071][Kaanapali][SDZ]Speaker Diarization function did not work properly when using speaker playback contents from male & famale,Medium,Bug,Closed,jialinl,jinzhang,5/23/2025 2:56:07 AM,NA,LA.QSSI.16.0-21800-qssi.1-1
4159334,[FR97187][Kaanapali][ConversationRecording] UI color display error at the top of the page,Medium,Bug,InProgress,mincyao,zhijsun,5/23/2025 5:28:46 AM,NA,LA.QSSI.17.0-05002-qssi.1-2
4159334,[FR97187][Kaanapali][ConversationRecording] UI color display error at the top of the page,Medium,Bug,InProgress,mincyao,zhijsun,5/23/2025 5:28:46 AM,NA,NA
4159334,[FR97187][Kaanapali][ConversationRecording] UI color display error at the top of the page,Medium,Bug,InProgress,mincyao,zhijsun,5/23/2025 5:28:46 AM,NA,LA.QXSI.16.0-10500-qssi.1-1
4159334,[FR97187][Kaanapali][ConversationRecording] UI color display error at the top of the page,Medium,Bug,InProgress,mincyao,zhijsun,5/23/2025 5:28:46 AM,NA,LA.QISI.16.0-00100-qssi.1-1
4159334,[FR97187][Kaanapali][ConversationRecording] UI color display error at the top of the page,Medium,Bug,InProgress,mincyao,zhijsun,5/23/2025 5:28:46 AM,NA,LA.QSSI.16.0-21800-qssi.1-1
4159514,[Kaanapali.LA.1.0][FR103075][SDZ] No timestamp on speaker diarization output on UI,Medium,Bug,Duplicate,haiyxiao,jinzhang,5/23/2025 6:58:40 AM,4163738,NA
4159896,[FR103071][Kaanapali][SDZ]Session status displayed was incorrect after delete all sessions once,Medium,Bug,Closed,jialinl,yongfeiz,5/23/2025 10:17:38 AM,NA,LA.QISI.16.0-00100-qssi.1-1
4159896,[FR103071][Kaanapali][SDZ]Session status displayed was incorrect after delete all sessions once,Medium,Bug,Closed,jialinl,yongfeiz,5/23/2025 10:17:38 AM,NA,NA
4159896,[FR103071][Kaanapali][SDZ]Session status displayed was incorrect after delete all sessions once,Medium,Bug,Closed,jialinl,yongfeiz,5/23/2025 10:17:38 AM,NA,LA.QSSI.16.0-22000-qssi.1-1
4159896,[FR103071][Kaanapali][SDZ]Session status displayed was incorrect after delete all sessions once,Medium,Bug,Closed,jialinl,yongfeiz,5/23/2025 10:17:38 AM,NA,LA.QSSI.17.0-05002-qssi.1-2
4159896,[FR103071][Kaanapali][SDZ]Session status displayed was incorrect after delete all sessions once,Medium,Bug,Closed,jialinl,yongfeiz,5/23/2025 10:17:38 AM,NA,LA.QXSI.16.0-10500-qssi.1-1
4163703,[FR10307][SDZ][eNPU]VoiceAIusecase app crash when conversation recording ASR with SDZ enable,Medium,Bug,Closed,mincyao,jinzhang,5/28/2025 2:46:20 AM,NA,NA
4163703,[FR10307][SDZ][eNPU]VoiceAIusecase app crash when conversation recording ASR with SDZ enable,Medium,Bug,Closed,mincyao,jinzhang,5/28/2025 2:46:20 AM,NA,LA.QISI.16.0-01000-qssi.1-1
4163703,[FR10307][SDZ][eNPU]VoiceAIusecase app crash when conversation recording ASR with SDZ enable,Medium,Bug,Closed,mincyao,jinzhang,5/28/2025 2:46:20 AM,NA,LA.QSSI.16.0-22400-qssi.1-1
4163703,[FR10307][SDZ][eNPU]VoiceAIusecase app crash when conversation recording ASR with SDZ enable,Medium,Bug,Closed,mincyao,jinzhang,5/28/2025 2:46:20 AM,NA,LA.QXSI.16.0-10500-qssi.1-1
4163703,[FR10307][SDZ][eNPU]VoiceAIusecase app crash when conversation recording ASR with SDZ enable,Medium,Bug,Closed,mincyao,jinzhang,5/28/2025 2:46:20 AM,NA,LA.QSSI.17.0-05002-qssi.1-2
4163738,FR109506:Audio PD get UTC timestamp from QSH,NA,Requirement,Closed,haiyxiao,jinzhang,5/28/2025 3:26:33 AM,NA,LA.QSSI.16.0-23100-qssi.1-1
4163738,FR109506:Audio PD get UTC timestamp from QSH,NA,Requirement,Closed,haiyxiao,jinzhang,5/28/2025 3:26:33 AM,NA,LA.QXSI.16.0-10500-qssi.1-1
4163738,FR109506:Audio PD get UTC timestamp from QSH,NA,Requirement,Closed,haiyxiao,jinzhang,5/28/2025 3:26:33 AM,NA,NA
4163738,FR109506:Audio PD get UTC timestamp from QSH,NA,Requirement,Closed,haiyxiao,jinzhang,5/28/2025 3:26:33 AM,NA,LA.QISI.16.0-01800-qssi.1-1
4163765,FR109402:AON ASR auto-switch between display on and display off,NA,Requirement,InProgress,jialinl,ruocxu,5/28/2025 3:58:33 AM,NA,NA
4163765,FR109402:AON ASR auto-switch between display on and display off,NA,Requirement,InProgress,jialinl,ruocxu,5/28/2025 3:58:33 AM,NA,LA.QISI.16.0-01800-qssi.1-1
4163765,FR109402:AON ASR auto-switch between display on and display off,NA,Requirement,InProgress,jialinl,ruocxu,5/28/2025 3:58:33 AM,NA,LA.QSSI.16.0-23100-qssi.1-1
4163765,FR109402:AON ASR auto-switch between display on and display off,NA,Requirement,InProgress,jialinl,ruocxu,5/28/2025 3:58:33 AM,NA,LA.QSSI.17.0-05002-qssi.1-2
4163765,FR109402:AON ASR auto-switch between display on and display off,NA,Requirement,InProgress,jialinl,ruocxu,5/28/2025 3:58:33 AM,NA,LA.QXSI.16.0-10500-qssi.1-1
4163769,[Kaanapali.LA.1.0][FR103071][SDZ][Zipformer] No Chinese transcription display on UI when SDZ enabled,Medium,Bug,InProgress,haiyxiao,ayugupt,5/28/2025 4:02:38 AM,NA,CDSP.HT.3.2-00593.4-KAANAPALI-1
4163769,[Kaanapali.LA.1.0][FR103071][SDZ][Zipformer] No Chinese transcription display on UI when SDZ enabled,Medium,Bug,InProgress,haiyxiao,ayugupt,5/28/2025 4:02:38 AM,NA,LPAIDSP.HT.1.5.c1-00096-BALSAM-1
4163769,[Kaanapali.LA.1.0][FR103071][SDZ][Zipformer] No Chinese transcription display on UI when SDZ enabled,Medium,Bug,InProgress,haiyxiao,ayugupt,5/28/2025 4:02:38 AM,NA,NA
4163769,[Kaanapali.LA.1.0][FR103071][SDZ][Zipformer] No Chinese transcription display on UI when SDZ enabled,Medium,Bug,InProgress,haiyxiao,ayugupt,5/28/2025 4:02:38 AM,NA,MPSS.KI.0.1-01462-KAANAPALI_GENRFMCCONVPICTORPHY_TEST-1
4163769,[Kaanapali.LA.1.0][FR103071][SDZ][Zipformer] No Chinese transcription display on UI when SDZ enabled,Medium,Bug,InProgress,haiyxiao,ayugupt,5/28/2025 4:02:38 AM,NA,MPSS.KI.1.0-01015-AMBOSELI_RUMIDIAGUARTOEMPDPHY_TEST-1
4163769,[Kaanapali.LA.1.0][FR103071][SDZ][Zipformer] No Chinese transcription display on UI when SDZ enabled,Medium,Bug,InProgress,haiyxiao,ayugupt,5/28/2025 4:02:38 AM,NA,MPSS.CYSP.1.0-00022-AMBOSELI_RUMIDIAGUARTALIOTHPHY_TEST-1
4163769,[Kaanapali.LA.1.0][FR103071][SDZ][Zipformer] No Chinese transcription display on UI when SDZ enabled,Medium,Bug,InProgress,haiyxiao,ayugupt,5/28/2025 4:02:38 AM,NA,LPAIDSP.HT.1.2-00665.2-KAANAPALI-1
4163769,[Kaanapali.LA.1.0][FR103071][SDZ][Zipformer] No Chinese transcription display on UI when SDZ enabled,Medium,Bug,InProgress,haiyxiao,ayugupt,5/28/2025 4:02:38 AM,NA,LPAIDSP.HT.1.5-00157-BALSAM-1
4163769,[Kaanapali.LA.1.0][FR103071][SDZ][Zipformer] No Chinese transcription display on UI when SDZ enabled,Medium,Bug,InProgress,haiyxiao,ayugupt,5/28/2025 4:02:38 AM,NA,MPSS.CY.2.0-00302-KUNO_GENAUTO_TEST-1
4163769,[Kaanapali.LA.1.0][FR103071][SDZ][Zipformer] No Chinese transcription display on UI when SDZ enabled,Medium,Bug,InProgress,haiyxiao,ayugupt,5/28/2025 4:02:38 AM,NA,MPSS.DE.9.0.r99-00443-KAANAPALI_GENPICTORPHY_TEST-1
4165257,[Kaanapali.LA.1.0][FR103071][SDZ] update SDZ model and model path ,Medium,Bug,InProgress,haiyxiao,ankmis,5/29/2025 2:48:03 AM,NA,AUDIO_HANDSET.LA.11.0-09800-pakala.1-1
4165257,[Kaanapali.LA.1.0][FR103071][SDZ] update SDZ model and model path ,Medium,Bug,InProgress,haiyxiao,ankmis,5/29/2025 2:48:03 AM,NA,NA
4167215, FR110322:Whisper API change ,NA,Requirement,InProgress,jialinl,feisun,5/30/2025 8:16:30 AM,NA,NA
4169769,[FR102465][Zipformer][eNPU]ASR would output repeating contents while using continous & non-partial mode,Medium,Bug,Closed,jialinl,jinzhang,6/3/2025 8:33:24 AM,NA,LA.QSSI.16.0-23100-qssi.1-1
4169769,[FR102465][Zipformer][eNPU]ASR would output repeating contents while using continous & non-partial mode,Medium,Bug,Closed,jialinl,jinzhang,6/3/2025 8:33:24 AM,NA,LA.QXSI.16.0-10500-qssi.1-1
4169769,[FR102465][Zipformer][eNPU]ASR would output repeating contents while using continous & non-partial mode,Medium,Bug,Closed,jialinl,jinzhang,6/3/2025 8:33:24 AM,NA,NA
4169769,[FR102465][Zipformer][eNPU]ASR would output repeating contents while using continous & non-partial mode,Medium,Bug,Closed,jialinl,jinzhang,6/3/2025 8:33:24 AM,NA,LA.QISI.16.0-01800-qssi.1-1
4169797,[FR101966][Kaanapali][MMPA] Enrollment failure or crashes using speaker audio,Medium,Bug,Duplicate,haiyxiao,jinzhang,6/3/2025 8:46:42 AM,4069660,NA
4172139,[QSSI16][QualcommSpeechService] skip build 32bit QualcommSpeechService for 32go,Medium,Bug,Closed,jialinl,jinzhang,6/5/2025 3:28:07 AM,NA,LA.QXSI.16.0-10500-qssi.1-1
4172139,[QSSI16][QualcommSpeechService] skip build 32bit QualcommSpeechService for 32go,Medium,Bug,Closed,jialinl,jinzhang,6/5/2025 3:28:07 AM,NA,NA
4172139,[QSSI16][QualcommSpeechService] skip build 32bit QualcommSpeechService for 32go,Medium,Bug,Closed,jialinl,jinzhang,6/5/2025 3:28:07 AM,NA,LA.QSSI.16.0-23100-qssi.1-1
4172139,[QSSI16][QualcommSpeechService] skip build 32bit QualcommSpeechService for 32go,Medium,Bug,Closed,jialinl,jinzhang,6/5/2025 3:28:07 AM,NA,LA.QISI.16.0-01800-qssi.1-1
4173646,[FR101966][Kaanapali][MMPA] Wakeup function status doesn't update after enabling HeySnapdragon,Low,Bug,Closed,haiyxiao,ruocxu,6/6/2025 1:44:00 AM,NA,LA.QISI.16.0-01800-qssi.1-1
4173646,[FR101966][Kaanapali][MMPA] Wakeup function status doesn't update after enabling HeySnapdragon,Low,Bug,Closed,haiyxiao,ruocxu,6/6/2025 1:44:00 AM,NA,LA.QSSI.17.0-05002-qssi.1-2
4173646,[FR101966][Kaanapali][MMPA] Wakeup function status doesn't update after enabling HeySnapdragon,Low,Bug,Closed,haiyxiao,ruocxu,6/6/2025 1:44:00 AM,NA,LA.QXSI.16.0-10500-qssi.1-1
4173646,[FR101966][Kaanapali][MMPA] Wakeup function status doesn't update after enabling HeySnapdragon,Low,Bug,Closed,haiyxiao,ruocxu,6/6/2025 1:44:00 AM,NA,NA
4173646,[FR101966][Kaanapali][MMPA] Wakeup function status doesn't update after enabling HeySnapdragon,Low,Bug,Closed,haiyxiao,ruocxu,6/6/2025 1:44:00 AM,NA,LA.QSSI.16.0-23100-qssi.1-1
4174362,[Kaanapali.LA.1.0][FR103071][SDZ] Timestamp from apk log is not accurate,Critical,Bug,Duplicate,haiyxiao,ayugupt,6/6/2025 9:23:10 AM,4193711,NA
4175592,[FR103071][SDZ]QSS app crash when enable output at end of conversation,Medium,Bug,Closed,mincyao,ruocxu,6/9/2025 6:06:59 AM,NA,LA.QSSI.16.0-23100-qssi.1-1
4175592,[FR103071][SDZ]QSS app crash when enable output at end of conversation,Medium,Bug,Closed,mincyao,ruocxu,6/9/2025 6:06:59 AM,NA,LA.QSSI.17.0-05002-qssi.1-2
4175592,[FR103071][SDZ]QSS app crash when enable output at end of conversation,Medium,Bug,Closed,mincyao,ruocxu,6/9/2025 6:06:59 AM,NA,LA.QISI.16.0-01800-qssi.1-1
4175592,[FR103071][SDZ]QSS app crash when enable output at end of conversation,Medium,Bug,Closed,mincyao,ruocxu,6/9/2025 6:06:59 AM,NA,NA
4175592,[FR103071][SDZ]QSS app crash when enable output at end of conversation,Medium,Bug,Closed,mincyao,ruocxu,6/9/2025 6:06:59 AM,NA,LA.QXSI.16.0-10500-qssi.1-1
4176095,[FR102465[ASRineNPU]ASR recording will auto stop after VAD in continuous mode + Partial mode,Medium,Bug,Closed,mincyao,jinzhang,6/9/2025 10:15:27 AM,NA,NA
4176095,[FR102465[ASRineNPU]ASR recording will auto stop after VAD in continuous mode + Partial mode,Medium,Bug,Closed,mincyao,jinzhang,6/9/2025 10:15:27 AM,NA,LA.QISI.16.0-01800-qssi.1-1
4176095,[FR102465[ASRineNPU]ASR recording will auto stop after VAD in continuous mode + Partial mode,Medium,Bug,Closed,mincyao,jinzhang,6/9/2025 10:15:27 AM,NA,LA.QSSI.16.0-24000-qssi.1-1
4176095,[FR102465[ASRineNPU]ASR recording will auto stop after VAD in continuous mode + Partial mode,Medium,Bug,Closed,mincyao,jinzhang,6/9/2025 10:15:27 AM,NA,LA.QXSI.16.0-10600-qssi.1-1
4183858,[FR101966][Kaanapali][MMPA]App should disable UV when disable sound models,Medium,Bug,Closed,jialinl,jinzhang,6/17/2025 4:56:22 AM,NA,LA.QSSI.16.0-24300-qssi.1-1
4183858,[FR101966][Kaanapali][MMPA]App should disable UV when disable sound models,Medium,Bug,Closed,jialinl,jinzhang,6/17/2025 4:56:22 AM,NA,LA.QSSI.16.4-01000-qssi.1-1
4183858,[FR101966][Kaanapali][MMPA]App should disable UV when disable sound models,Medium,Bug,Closed,jialinl,jinzhang,6/17/2025 4:56:22 AM,NA,LA.QXSI.16.0-11000-qssi.1-1
4183858,[FR101966][Kaanapali][MMPA]App should disable UV when disable sound models,Medium,Bug,Closed,jialinl,jinzhang,6/17/2025 4:56:22 AM,NA,NA
4183858,[FR101966][Kaanapali][MMPA]App should disable UV when disable sound models,Medium,Bug,Closed,jialinl,jinzhang,6/17/2025 4:56:22 AM,NA,LA.QISI.16.0-02600-qssi.1-1
4183867,[FR101966][Kaanapali][MMPA]App prompt is incorrect when try to disable heysnapdragon UV,Medium,Bug,Duplicate,jialinl,jinzhang,6/17/2025 4:59:16 AM,4183858,NA
4183873,[FR102465][Zipformer][eNPU]ASR transcription would lost the last part when click stop button with continuos mode,Medium,Bug,Closed,jialinl,jinzhang,6/17/2025 5:02:09 AM,NA,LA.QISI.16.0-01800-qssi.1-1
4183873,[FR102465][Zipformer][eNPU]ASR transcription would lost the last part when click stop button with continuos mode,Medium,Bug,Closed,jialinl,jinzhang,6/17/2025 5:02:09 AM,NA,LA.QXSI.16.0-10800-qssi.1-1
4183873,[FR102465][Zipformer][eNPU]ASR transcription would lost the last part when click stop button with continuos mode,Medium,Bug,Closed,jialinl,jinzhang,6/17/2025 5:02:09 AM,NA,LA.QSSI.16.0-24000-qssi.1-1
4183873,[FR102465][Zipformer][eNPU]ASR transcription would lost the last part when click stop button with continuos mode,Medium,Bug,Closed,jialinl,jinzhang,6/17/2025 5:02:09 AM,NA,LA.QSSI.16.4-01000-qssi.1-1
4183873,[FR102465][Zipformer][eNPU]ASR transcription would lost the last part when click stop button with continuos mode,Medium,Bug,Closed,jialinl,jinzhang,6/17/2025 5:02:09 AM,NA,NA
4184169,[FR101966][Kaanapali][MMPA] Native leak during switch translation language,Medium,Bug,Analysis,haiyxiao,ruocxu,6/17/2025 7:08:44 AM,NA,NA
4184605,Add VoiceAIRef.vsconfig and update readme for npu_rpc_windows_sample,Medium,Bug,InProgress,haiyxiao,jianzz,6/17/2025 9:48:08 AM,NA,NA
4185588,[FR103072][TTS] VoiceAI usecase TTS UI flash when the first time use TTS feature,Medium,Bug,Duplicate,mincyao,yongfeiz,6/18/2025 4:20:26 AM,4186147,NA
4186147,[FR103072][TTS] VoiceAI usecase TTS UI flash when the first time use TTS feature,Medium,Bug,Closed,mincyao,jinzhang,6/18/2025 9:17:35 AM,NA,LA.QISI.16.0-01800-qssi.1-1
4186147,[FR103072][TTS] VoiceAI usecase TTS UI flash when the first time use TTS feature,Medium,Bug,Closed,mincyao,jinzhang,6/18/2025 9:17:35 AM,NA,LA.QXSI.16.0-10800-qssi.1-1
4186147,[FR103072][TTS] VoiceAI usecase TTS UI flash when the first time use TTS feature,Medium,Bug,Closed,mincyao,jinzhang,6/18/2025 9:17:35 AM,NA,NA
4186147,[FR103072][TTS] VoiceAI usecase TTS UI flash when the first time use TTS feature,Medium,Bug,Closed,mincyao,jinzhang,6/18/2025 9:17:35 AM,NA,LA.QSSI.16.0-24000-qssi.1-1
4186147,[FR103072][TTS] VoiceAI usecase TTS UI flash when the first time use TTS feature,Medium,Bug,Closed,mincyao,jinzhang,6/18/2025 9:17:35 AM,NA,LA.QSSI.16.4-01000-qssi.1-1
4186163,[FR103072][TTS] VoiceAI usecase TTS no output with qnn v 2.33.0 model,Medium,Bug,Closed,mincyao,jinzhang,6/18/2025 9:21:59 AM,NA,NA
4186163,[FR103072][TTS] VoiceAI usecase TTS no output with qnn v 2.33.0 model,Medium,Bug,Closed,mincyao,jinzhang,6/18/2025 9:21:59 AM,NA,LA.QSSI.16.0-24000-qssi.1-1
4186163,[FR103072][TTS] VoiceAI usecase TTS no output with qnn v 2.33.0 model,Medium,Bug,Closed,mincyao,jinzhang,6/18/2025 9:21:59 AM,NA,LA.QSSI.16.4-01000-qssi.1-1
4186163,[FR103072][TTS] VoiceAI usecase TTS no output with qnn v 2.33.0 model,Medium,Bug,Closed,mincyao,jinzhang,6/18/2025 9:21:59 AM,NA,LA.QXSI.16.0-10800-qssi.1-1
4186163,[FR103072][TTS] VoiceAI usecase TTS no output with qnn v 2.33.0 model,Medium,Bug,Closed,mincyao,jinzhang,6/18/2025 9:21:59 AM,NA,LA.QISI.16.0-01800-qssi.1-1
4187626,"[Kaanapali.LA.1.0][FR109506][VoiceAIUseCase][Conversation] word timestamp not returned to client, but speakerid timestamp returned",Medium,Bug,Closed,haiyxiao,jinzhang,6/19/2025 7:24:43 AM,NA,LA.QXSI.16.0-10800-qssi.1-1
4187626,"[Kaanapali.LA.1.0][FR109506][VoiceAIUseCase][Conversation] word timestamp not returned to client, but speakerid timestamp returned",Medium,Bug,Closed,haiyxiao,jinzhang,6/19/2025 7:24:43 AM,NA,LA.QISI.16.0-01800-qssi.1-1
4187626,"[Kaanapali.LA.1.0][FR109506][VoiceAIUseCase][Conversation] word timestamp not returned to client, but speakerid timestamp returned",Medium,Bug,Closed,haiyxiao,jinzhang,6/19/2025 7:24:43 AM,NA,NA
4187626,"[Kaanapali.LA.1.0][FR109506][VoiceAIUseCase][Conversation] word timestamp not returned to client, but speakerid timestamp returned",Medium,Bug,Closed,haiyxiao,jinzhang,6/19/2025 7:24:43 AM,NA,LA.QSSI.16.0-24000-qssi.1-1
4187626,"[Kaanapali.LA.1.0][FR109506][VoiceAIUseCase][Conversation] word timestamp not returned to client, but speakerid timestamp returned",Medium,Bug,Closed,haiyxiao,jinzhang,6/19/2025 7:24:43 AM,NA,LA.QSSI.16.4-01000-qssi.1-1
4189409,[FR103072][QPM][TTS][1.0.0.0][Kaanapali][LA] Many crashes during perf-test,Medium,Bug,Open,haiyxiao,dunhye,6/20/2025 8:59:07 AM,NA,NA
4189436,"[FR103072][QPM][TTS][1.0.0.0][Kaanpali][LA] TTS sample app ""SPK"" button no action after Chinese TTS with Symbols",Medium,Bug,InProgress,mincyao,feisun,6/20/2025 9:08:57 AM,NA,NA
4190444,[Kaanapali.LA.1.0][FR109402][VoiceAIUseCase][Conversation] AON ASR removed printed contents and stopped the session (100%),Medium,Bug,InProgress,haiyxiao,ayugupt,6/23/2025 1:54:09 AM,NA,LPAIDSP.HT.1.5.c1-00096-BALSAM-1
4190444,[Kaanapali.LA.1.0][FR109402][VoiceAIUseCase][Conversation] AON ASR removed printed contents and stopped the session (100%),Medium,Bug,InProgress,haiyxiao,ayugupt,6/23/2025 1:54:09 AM,NA,MPSS.DE.9.0.r99-00494-KAANAPALI_DECLASSIFY_TEST-1
4190444,[Kaanapali.LA.1.0][FR109402][VoiceAIUseCase][Conversation] AON ASR removed printed contents and stopped the session (100%),Medium,Bug,InProgress,haiyxiao,ayugupt,6/23/2025 1:54:09 AM,NA,MPSS.CY.2.0-00321-ASPEN_GEN_TEST-1
4190444,[Kaanapali.LA.1.0][FR109402][VoiceAIUseCase][Conversation] AON ASR removed printed contents and stopped the session (100%),Medium,Bug,InProgress,haiyxiao,ayugupt,6/23/2025 1:54:09 AM,NA,MPSS.CYSP.1.0-00024-AMBOSELI_RUMIDIAGUART_TEST-1
4190444,[Kaanapali.LA.1.0][FR109402][VoiceAIUseCase][Conversation] AON ASR removed printed contents and stopped the session (100%),Medium,Bug,InProgress,haiyxiao,ayugupt,6/23/2025 1:54:09 AM,NA,NA
4190444,[Kaanapali.LA.1.0][FR109402][VoiceAIUseCase][Conversation] AON ASR removed printed contents and stopped the session (100%),Medium,Bug,InProgress,haiyxiao,ayugupt,6/23/2025 1:54:09 AM,NA,CDSP.HT.3.2-00628-KAANAPALI-1
4190444,[Kaanapali.LA.1.0][FR109402][VoiceAIUseCase][Conversation] AON ASR removed printed contents and stopped the session (100%),Medium,Bug,InProgress,haiyxiao,ayugupt,6/23/2025 1:54:09 AM,NA,LPAIDSP.HT.1.2-00698.1-KAANAPALI-1
4190444,[Kaanapali.LA.1.0][FR109402][VoiceAIUseCase][Conversation] AON ASR removed printed contents and stopped the session (100%),Medium,Bug,InProgress,haiyxiao,ayugupt,6/23/2025 1:54:09 AM,NA,LPAIDSP.HT.1.5-00182-BALSAM-1
4190444,[Kaanapali.LA.1.0][FR109402][VoiceAIUseCase][Conversation] AON ASR removed printed contents and stopped the session (100%),Medium,Bug,InProgress,haiyxiao,ayugupt,6/23/2025 1:54:09 AM,NA,MPSS.KI.0.1-01525-KAANAPALI_GENRFCONVPICTOR_TEST-1
4190444,[Kaanapali.LA.1.0][FR109402][VoiceAIUseCase][Conversation] AON ASR removed printed contents and stopped the session (100%),Medium,Bug,InProgress,haiyxiao,ayugupt,6/23/2025 1:54:09 AM,NA,MPSS.KI.1.0-01049.2-AMBOSELI_RUMIDIAGUARTMCVP_TEST-1
4190479,[FR103072][TTS] VoiceAI usecase TTS no output when stop TTS during and start TTS again,Medium,Bug,Closed,mincyao,jinzhang,6/23/2025 2:40:02 AM,NA,LA.QSSI.16.0-24200-qssi.1-1
4190479,[FR103072][TTS] VoiceAI usecase TTS no output when stop TTS during and start TTS again,Medium,Bug,Closed,mincyao,jinzhang,6/23/2025 2:40:02 AM,NA,LA.QXSI.16.0-10900-qssi.1-1
4190479,[FR103072][TTS] VoiceAI usecase TTS no output when stop TTS during and start TTS again,Medium,Bug,Closed,mincyao,jinzhang,6/23/2025 2:40:02 AM,NA,LA.QSSI.16.4-01000-qssi.1-1
4190479,[FR103072][TTS] VoiceAI usecase TTS no output when stop TTS during and start TTS again,Medium,Bug,Closed,mincyao,jinzhang,6/23/2025 2:40:02 AM,NA,NA
4190479,[FR103072][TTS] VoiceAI usecase TTS no output when stop TTS during and start TTS again,Medium,Bug,Closed,mincyao,jinzhang,6/23/2025 2:40:02 AM,NA,LA.QISI.16.0-02600-qssi.1-1
4190481,[FR103072][TTS] VoiceAI usecase TTS no output when input Long_Text,Medium,Bug,Closed,mincyao,jinzhang,6/23/2025 2:44:00 AM,NA,NA
4190481,[FR103072][TTS] VoiceAI usecase TTS no output when input Long_Text,Medium,Bug,Closed,mincyao,jinzhang,6/23/2025 2:44:00 AM,NA,LA.QISI.16.0-02600-qssi.1-1
4190481,[FR103072][TTS] VoiceAI usecase TTS no output when input Long_Text,Medium,Bug,Closed,mincyao,jinzhang,6/23/2025 2:44:00 AM,NA,LA.QSSI.16.4-01000-qssi.1-1
4190481,[FR103072][TTS] VoiceAI usecase TTS no output when input Long_Text,Medium,Bug,Closed,mincyao,jinzhang,6/23/2025 2:44:00 AM,NA,LA.QXSI.16.0-10900-qssi.1-1
4190481,[FR103072][TTS] VoiceAI usecase TTS no output when input Long_Text,Medium,Bug,Closed,mincyao,jinzhang,6/23/2025 2:44:00 AM,NA,LA.QSSI.16.0-24200-qssi.1-1
4190905,FR109395: Support for batch mode speaker diarization with 3rd party solution on SM8850,NA,Requirement,Duplicate,haiyxiao,yongfeiz,6/23/2025 7:24:37 AM,4190943,NA
4190943,FR109395: Support for batch mode speaker diarization with 3rd party solution on SM8850,NA,Requirement,InProgress,haiyxiao,yongfeiz,6/23/2025 7:47:47 AM,NA,NA
4191338,[FR101966][Kaanapali][MMPA]ASR logger mode would lost asr content with multiple detections,Medium,Bug,Closed,jialinl,ruocxu,6/23/2025 10:39:21 AM,NA,LA.QSSI.17.0-05002-qssi.1-2
4191338,[FR101966][Kaanapali][MMPA]ASR logger mode would lost asr content with multiple detections,Medium,Bug,Closed,jialinl,ruocxu,6/23/2025 10:39:21 AM,NA,LA.QXSI.16.0-11000-qssi.1-1
4191338,[FR101966][Kaanapali][MMPA]ASR logger mode would lost asr content with multiple detections,Medium,Bug,Closed,jialinl,ruocxu,6/23/2025 10:39:21 AM,NA,LA.QISI.16.0-02600-qssi.1-1
4191338,[FR101966][Kaanapali][MMPA]ASR logger mode would lost asr content with multiple detections,Medium,Bug,Closed,jialinl,ruocxu,6/23/2025 10:39:21 AM,NA,LA.QSSI.16.0-24300-qssi.1-1
4191338,[FR101966][Kaanapali][MMPA]ASR logger mode would lost asr content with multiple detections,Medium,Bug,Closed,jialinl,ruocxu,6/23/2025 10:39:21 AM,NA,LA.QSSI.16.4-01000-qssi.1-1
4191338,[FR101966][Kaanapali][MMPA]ASR logger mode would lost asr content with multiple detections,Medium,Bug,Closed,jialinl,ruocxu,6/23/2025 10:39:21 AM,NA,NA
4191340,[FR109402][Kaanapali.LA.1.0][VoiceAIUseCase][Conversation Recording][SDZ] No output from buffer mode,High,Bug,Closed,jialinl,ruocxu,6/23/2025 10:42:00 AM,NA,LA.QSSI.16.0-24300-qssi.1-1
4191340,[FR109402][Kaanapali.LA.1.0][VoiceAIUseCase][Conversation Recording][SDZ] No output from buffer mode,High,Bug,Closed,jialinl,ruocxu,6/23/2025 10:42:00 AM,NA,NA
4191340,[FR109402][Kaanapali.LA.1.0][VoiceAIUseCase][Conversation Recording][SDZ] No output from buffer mode,High,Bug,Closed,jialinl,ruocxu,6/23/2025 10:42:00 AM,NA,LA.QISI.16.0-02600-qssi.1-1
4191340,[FR109402][Kaanapali.LA.1.0][VoiceAIUseCase][Conversation Recording][SDZ] No output from buffer mode,High,Bug,Closed,jialinl,ruocxu,6/23/2025 10:42:00 AM,NA,LA.QSSI.16.4-01000-qssi.1-1
4191340,[FR109402][Kaanapali.LA.1.0][VoiceAIUseCase][Conversation Recording][SDZ] No output from buffer mode,High,Bug,Closed,jialinl,ruocxu,6/23/2025 10:42:00 AM,NA,LA.QSSI.17.0-05002-qssi.1-2
4191340,[FR109402][Kaanapali.LA.1.0][VoiceAIUseCase][Conversation Recording][SDZ] No output from buffer mode,High,Bug,Closed,jialinl,ruocxu,6/23/2025 10:42:00 AM,NA,LA.QXSI.16.0-11000-qssi.1-1
4191518,[FR103071][Kaanapali][SDZ]APP would lost the transcription content of first person,High,Bug,Closed,jialinl,jinzhang,6/23/2025 12:38:52 PM,NA,LA.QXSI.16.0-12900-qssi.1-1
4191518,[FR103071][Kaanapali][SDZ]APP would lost the transcription content of first person,High,Bug,Closed,jialinl,jinzhang,6/23/2025 12:38:52 PM,NA,NA
4191518,[FR103071][Kaanapali][SDZ]APP would lost the transcription content of first person,High,Bug,Closed,jialinl,jinzhang,6/23/2025 12:38:52 PM,NA,LA.QSSI.16.0-27000-qssi.1-1
4191518,[FR103071][Kaanapali][SDZ]APP would lost the transcription content of first person,High,Bug,Closed,jialinl,jinzhang,6/23/2025 12:38:52 PM,NA,LA.QISI.16.0-04200-qssi.1-1
4192030,"[Kaanapali.LA.1.0][FR109506][VoiceAIUseCase][Conversation] speaker id incoorect with ""start_ts as 1",Medium,Bug,Duplicate,haiyxiao,laksrao,6/24/2025 1:47:41 AM,4126363,NA
4193822,FR110552: Opus-MT Single Language Translation Model,NA,Requirement,InProgress,haiyxiao,kuifzhu,6/25/2025 2:21:29 AM,NA,NA
4193859,[FR103072][TTS] preferred engine select Qualcomm speech service as default in setting,Medium,Bug,Closed,mincyao,jinzhang,6/25/2025 3:05:14 AM,NA,NA
4193859,[FR103072][TTS] preferred engine select Qualcomm speech service as default in setting,Medium,Bug,Closed,mincyao,jinzhang,6/25/2025 3:05:14 AM,NA,LA.QXSI.16.0-11000-qssi.1-1
4193859,[FR103072][TTS] preferred engine select Qualcomm speech service as default in setting,Medium,Bug,Closed,mincyao,jinzhang,6/25/2025 3:05:14 AM,NA,LA.QISI.16.0-02600-qssi.1-1
4193859,[FR103072][TTS] preferred engine select Qualcomm speech service as default in setting,Medium,Bug,Closed,mincyao,jinzhang,6/25/2025 3:05:14 AM,NA,LA.QSSI.16.0-24300-qssi.1-1
4193859,[FR103072][TTS] preferred engine select Qualcomm speech service as default in setting,Medium,Bug,Closed,mincyao,jinzhang,6/25/2025 3:05:14 AM,NA,LA.QSSI.16.4-01000-qssi.1-1
4193965,[FR97185] Conversition recording ASR no output after recording by sound recorder,Medium,Bug,Duplicate,mincyao,pbarman,6/25/2025 4:47:36 AM,4212487,NA
4197127,[FR103072][TTS] VoiceAI usecase TTS no voice after multiple double-clicks,Medium,Bug,Closed,yaqih,jinzhang,6/27/2025 3:02:32 AM,NA,LA.QSSI.16.0-24700-qssi.1-1
4197127,[FR103072][TTS] VoiceAI usecase TTS no voice after multiple double-clicks,Medium,Bug,Closed,yaqih,jinzhang,6/27/2025 3:02:32 AM,NA,NA
4197127,[FR103072][TTS] VoiceAI usecase TTS no voice after multiple double-clicks,Medium,Bug,Closed,yaqih,jinzhang,6/27/2025 3:02:32 AM,NA,LA.QISI.16.0-02600-qssi.1-1
4197127,[FR103072][TTS] VoiceAI usecase TTS no voice after multiple double-clicks,Medium,Bug,Closed,yaqih,jinzhang,6/27/2025 3:02:32 AM,NA,LA.QSSI.16.4-01000-qssi.1-1
4197127,[FR103072][TTS] VoiceAI usecase TTS no voice after multiple double-clicks,Medium,Bug,Closed,yaqih,jinzhang,6/27/2025 3:02:32 AM,NA,LA.QXSI.16.0-11400-qssi.1-1
4199420,[FR109533] 10s history buffer send to CPU,NA,Requirement,InProgress,jialinl,ruocxu,6/30/2025 8:32:44 AM,NA,NA
4199420,[FR109533] 10s history buffer send to CPU,NA,Requirement,InProgress,jialinl,ruocxu,6/30/2025 8:32:44 AM,NA,LA.QSSI.17.0-05002-qssi.1-2
4199420,[FR109533] 10s history buffer send to CPU,NA,Requirement,InProgress,jialinl,ruocxu,6/30/2025 8:32:44 AM,NA,LA.QXSI.16.0-11900-qssi.1-1
4199420,[FR109533] 10s history buffer send to CPU,NA,Requirement,InProgress,jialinl,ruocxu,6/30/2025 8:32:44 AM,NA,LA.QISI.16.0-03400-qssi.1-1
4199420,[FR109533] 10s history buffer send to CPU,NA,Requirement,InProgress,jialinl,ruocxu,6/30/2025 8:32:44 AM,NA,LA.QSSI.16.0-25500-qssi.1-1
4199420,[FR109533] 10s history buffer send to CPU,NA,Requirement,InProgress,jialinl,ruocxu,6/30/2025 8:32:44 AM,NA,LA.QSSI.16.4-01100-qssi.1-1
4200420,[FR109402][Kaanapali.LA.1.0][VoiceAIUseCase][Conversation Recording][SDZ] Dynamic switch screen off no output,High,Bug,Duplicate,jialinl,vathota,7/1/2025 2:26:13 AM,4193711,NA
4200901,[FR110552][Kaanapali][Translation] enter crashdump during initialization,Medium,Bug,InProgress,haiyxiao,kuifzhu,7/1/2025 6:54:51 AM,NA,NA
4200961,FR110199:Whisper SDK supporting float point model on AI Hub,NA,Requirement,InProgress,jialinl,jianzz,7/1/2025 7:21:30 AM,NA,NA
4202579,FR109488 Request Whisper simplified Chinese / traditional Chinese switch feature support,NA,Requirement,InProgress,yaqih,kuifzhu,7/2/2025 7:06:45 AM,NA,NA
4202650,[FR103071][Kaanapali.LA.1.0][SDZ] crash during conversation recording,Medium,Bug,InProgress,haiyxiao,jinzhang,7/2/2025 7:53:10 AM,NA,NA
4202650,[FR103071][Kaanapali.LA.1.0][SDZ] crash during conversation recording,Medium,Bug,InProgress,haiyxiao,jinzhang,7/2/2025 7:53:10 AM,NA,LA.QISI.16.0-03400-qssi.1-1
4202650,[FR103071][Kaanapali.LA.1.0][SDZ] crash during conversation recording,Medium,Bug,InProgress,haiyxiao,jinzhang,7/2/2025 7:53:10 AM,NA,LA.QSSI.16.0-25500-qssi.1-1
4202650,[FR103071][Kaanapali.LA.1.0][SDZ] crash during conversation recording,Medium,Bug,InProgress,haiyxiao,jinzhang,7/2/2025 7:53:10 AM,NA,LA.QSSI.16.4-01100-qssi.1-1
4202650,[FR103071][Kaanapali.LA.1.0][SDZ] crash during conversation recording,Medium,Bug,InProgress,haiyxiao,jinzhang,7/2/2025 7:53:10 AM,NA,LA.QXSI.16.0-11900-qssi.1-1
4203726,[FR102465][Kaanapali.LA.1.0][eNPU ASR] Zipformer and Shamu ASR power is higher,High,Bug,InProgress,jialinl,pbarman,7/3/2025 2:29:56 AM,NA,NA
4203726,[FR102465][Kaanapali.LA.1.0][eNPU ASR] Zipformer and Shamu ASR power is higher,High,Bug,InProgress,jialinl,pbarman,7/3/2025 2:29:56 AM,NA,CDSP.HT.3.2-00684-KAANAPALI-1
4203726,[FR102465][Kaanapali.LA.1.0][eNPU ASR] Zipformer and Shamu ASR power is higher,High,Bug,InProgress,jialinl,pbarman,7/3/2025 2:29:56 AM,NA,LPAIDSP.HT.1.4-00417-ASPEN-1
4203726,[FR102465][Kaanapali.LA.1.0][eNPU ASR] Zipformer and Shamu ASR power is higher,High,Bug,InProgress,jialinl,pbarman,7/3/2025 2:29:56 AM,NA,MPSS.KI.1.0-01198.3-AMBOSELI_GEN_TEST-1
4203726,[FR102465][Kaanapali.LA.1.0][eNPU ASR] Zipformer and Shamu ASR power is higher,High,Bug,InProgress,jialinl,pbarman,7/3/2025 2:29:56 AM,NA,LPAIDSP.HT.1.2-00769-KAANAPALI-1
4203726,[FR102465][Kaanapali.LA.1.0][eNPU ASR] Zipformer and Shamu ASR power is higher,High,Bug,InProgress,jialinl,pbarman,7/3/2025 2:29:56 AM,NA,LPAIDSP.HT.1.5-00240-BALSAM-1
4203726,[FR102465][Kaanapali.LA.1.0][eNPU ASR] Zipformer and Shamu ASR power is higher,High,Bug,InProgress,jialinl,pbarman,7/3/2025 2:29:56 AM,NA,LPAIDSP.HT.1.5.c1-00096-BALSAM-1
4203726,[FR102465][Kaanapali.LA.1.0][eNPU ASR] Zipformer and Shamu ASR power is higher,High,Bug,InProgress,jialinl,pbarman,7/3/2025 2:29:56 AM,NA,MPSS.CYSP.1.0-00061-AMBOSELI_CORE_TEST-1
4203726,[FR102465][Kaanapali.LA.1.0][eNPU ASR] Zipformer and Shamu ASR power is higher,High,Bug,InProgress,jialinl,pbarman,7/3/2025 2:29:56 AM,NA,MPSS.KI.0.1-01669.2-KAANAPALI_GENRFNMCCONVPICTOR_TEST-1
4203734,[FR101966][Kaanapali][MMPA][Regression]Lift and Talk could not wake up,High,Bug,InProgress,jialinl,yidongh,7/3/2025 2:40:03 AM,NA,NA
4203734,[FR101966][Kaanapali][MMPA][Regression]Lift and Talk could not wake up,High,Bug,InProgress,jialinl,yidongh,7/3/2025 2:40:03 AM,NA,AUDIO_HANDSET.LA.12.0-02500-hawi.1.CONSOLIDATED-1
4203734,[FR101966][Kaanapali][MMPA][Regression]Lift and Talk could not wake up,High,Bug,InProgress,jialinl,yidongh,7/3/2025 2:40:03 AM,NA,AUDIO_HANDSET.LA.11.0-10200-kaanapali.1-1
4204140,[FR97187][Kaanapali][VoiceCallTranslation]Whisper HTP ASR Power is much higher on Kaanapali than Pakala,High,Bug,Open,jialinl,zhijsun,7/3/2025 7:19:44 AM,NA,NA
4205960,[QPM Release]Whisper SDK Log Optimization (VOICEAI-92),NA,Internal,InProgress,mincyao,yongfeiz,7/4/2025 9:38:59 AM,NA,NA
4207310,[FR103071][SDZ]Device Crash after conversation start recording ASR with SDZ enable (100% issue),Medium,Bug,InProgress,mincyao,ankmis,7/7/2025 7:43:35 AM,NA,NA
4207310,[FR103071][SDZ]Device Crash after conversation start recording ASR with SDZ enable (100% issue),Medium,Bug,InProgress,mincyao,ankmis,7/7/2025 7:43:35 AM,NA,AUDIO_HANDSET.LA.11.0-10300-pakala.1-1
4207501,[FR101966][Kaanapali][MMPA]Device Crash after MMPA with heysnpadragon wake up enable (100% issue),High,Bug,Closed,jialinl,yongfeiz,7/7/2025 9:04:40 AM,NA,LA.QSSI.16.4-01100-qssi.1-1
4207501,[FR101966][Kaanapali][MMPA]Device Crash after MMPA with heysnpadragon wake up enable (100% issue),High,Bug,Closed,jialinl,yongfeiz,7/7/2025 9:04:40 AM,NA,NA
4207501,[FR101966][Kaanapali][MMPA]Device Crash after MMPA with heysnpadragon wake up enable (100% issue),High,Bug,Closed,jialinl,yongfeiz,7/7/2025 9:04:40 AM,NA,LA.QISI.16.0-03400-qssi.1-1
4207501,[FR101966][Kaanapali][MMPA]Device Crash after MMPA with heysnpadragon wake up enable (100% issue),High,Bug,Closed,jialinl,yongfeiz,7/7/2025 9:04:40 AM,NA,LA.QSSI.17.0-05002-qssi.1-2
4207501,[FR101966][Kaanapali][MMPA]Device Crash after MMPA with heysnpadragon wake up enable (100% issue),High,Bug,Closed,jialinl,yongfeiz,7/7/2025 9:04:40 AM,NA,LA.QXSI.16.0-12100-qssi.1-1
4207501,[FR101966][Kaanapali][MMPA]Device Crash after MMPA with heysnpadragon wake up enable (100% issue),High,Bug,Closed,jialinl,yongfeiz,7/7/2025 9:04:40 AM,NA,LA.QSSI.16.0-25500-qssi.1-1
4207588,[FR102465][Kaanapali][VoiceAI Usecase][ASR and TTS][Zipformer] start transcription error ,Medium,Bug,InProgress,haiyxiao,yidongh,7/7/2025 9:37:41 AM,NA,NA
4207588,[FR102465][Kaanapali][VoiceAI Usecase][ASR and TTS][Zipformer] start transcription error ,Medium,Bug,InProgress,haiyxiao,yidongh,7/7/2025 9:37:41 AM,NA,AUDIO_HANDSET.LA.11.0-09900-pakala.1-1
4207661,[FR101966][Kaanapali][MMPA][Regression]Gaze and Talk could not wake up,High,Bug,InProgress,jialinl,ggopi,7/7/2025 10:06:47 AM,NA,LPAIDSP.HT.1.6-00102-KAANAPALI-1
4207661,[FR101966][Kaanapali][MMPA][Regression]Gaze and Talk could not wake up,High,Bug,InProgress,jialinl,ggopi,7/7/2025 10:06:47 AM,NA,LPAIDSP.HT.1.5-00270-BALSAM-1
4207661,[FR101966][Kaanapali][MMPA][Regression]Gaze and Talk could not wake up,High,Bug,InProgress,jialinl,ggopi,7/7/2025 10:06:47 AM,NA,NA
4207661,[FR101966][Kaanapali][MMPA][Regression]Gaze and Talk could not wake up,High,Bug,InProgress,jialinl,ggopi,7/7/2025 10:06:47 AM,NA,SENSINGHUB.LP.0.0-00031-SIM-1
4210206,[FR102465][Kaanapali][VoiceAI Usecase][ASR and TTS][Zipformer] transcription output confusion,Medium,Bug,InProgress,haiyxiao,jinzhang,7/9/2025 3:59:14 AM,NA,NA
4210206,[FR102465][Kaanapali][VoiceAI Usecase][ASR and TTS][Zipformer] transcription output confusion,Medium,Bug,InProgress,haiyxiao,jinzhang,7/9/2025 3:59:14 AM,NA,LA.QISI.16.0-03400-qssi.1-1
4210206,[FR102465][Kaanapali][VoiceAI Usecase][ASR and TTS][Zipformer] transcription output confusion,Medium,Bug,InProgress,haiyxiao,jinzhang,7/9/2025 3:59:14 AM,NA,LA.QSSI.16.0-26700-qssi.1-1
4210206,[FR102465][Kaanapali][VoiceAI Usecase][ASR and TTS][Zipformer] transcription output confusion,Medium,Bug,InProgress,haiyxiao,jinzhang,7/9/2025 3:59:14 AM,NA,LA.QXSI.16.0-12800-qssi.1-1
4210206,[FR102465][Kaanapali][VoiceAI Usecase][ASR and TTS][Zipformer] transcription output confusion,Medium,Bug,InProgress,haiyxiao,jinzhang,7/9/2025 3:59:14 AM,NA,LA.QSSI.16.4-01400-qssi.1-1
4210514,Comment code to prevent new component compilation errors,Medium,Bug,Closed,haiyxiao,jinzhang,7/9/2025 6:42:21 AM,NA,LA.QSSI.16.0-26400-qssi.1-1
4210514,Comment code to prevent new component compilation errors,Medium,Bug,Closed,haiyxiao,jinzhang,7/9/2025 6:42:21 AM,NA,LA.QSSI.17.0-12902-qssi.1-8
4210514,Comment code to prevent new component compilation errors,Medium,Bug,Closed,haiyxiao,jinzhang,7/9/2025 6:42:21 AM,NA,LA.QSSI.16.4-01300-qssi.1-1
4210514,Comment code to prevent new component compilation errors,Medium,Bug,Closed,haiyxiao,jinzhang,7/9/2025 6:42:21 AM,NA,NA
4210514,Comment code to prevent new component compilation errors,Medium,Bug,Closed,haiyxiao,jinzhang,7/9/2025 6:42:21 AM,NA,LA.QISI.16.0-03400-qssi.1-1
4210514,Comment code to prevent new component compilation errors,Medium,Bug,Closed,haiyxiao,jinzhang,7/9/2025 6:42:21 AM,NA,LA.QXSI.16.0-12700-qssi.1-1
4210698,[FR103071][Kaanapali][SDZ]ADSP crash during asr recording stability test,High,Bug,InProgress,jialinl,raddala,7/9/2025 7:18:53 AM,NA,NA
4210698,[FR103071][Kaanapali][SDZ]ADSP crash during asr recording stability test,High,Bug,InProgress,jialinl,raddala,7/9/2025 7:18:53 AM,NA,LPAIDSP.HT.1.5.c1-00121-BALSAM-1
4210698,[FR103071][Kaanapali][SDZ]ADSP crash during asr recording stability test,High,Bug,InProgress,jialinl,raddala,7/9/2025 7:18:53 AM,NA,MPSS.CYSP.1.0-00078-AMBOSELI_CORE_TEST-1
4210698,[FR103071][Kaanapali][SDZ]ADSP crash during asr recording stability test,High,Bug,InProgress,jialinl,raddala,7/9/2025 7:18:53 AM,NA,CDSP.HT.3.2-00697-KAANAPALI-1
4210698,[FR103071][Kaanapali][SDZ]ADSP crash during asr recording stability test,High,Bug,InProgress,jialinl,raddala,7/9/2025 7:18:53 AM,NA,LPAIDSP.HT.1.2-00795-KAANAPALI-1
4210698,[FR103071][Kaanapali][SDZ]ADSP crash during asr recording stability test,High,Bug,InProgress,jialinl,raddala,7/9/2025 7:18:53 AM,NA,MPSS.KI.1.0-01278-AMBOSELI_RUMIDIAGUARTNOMC_TEST-1
4210698,[FR103071][Kaanapali][SDZ]ADSP crash during asr recording stability test,High,Bug,InProgress,jialinl,raddala,7/9/2025 7:18:53 AM,NA,LPAIDSP.HT.1.4-00461-ASPEN-1
4210698,[FR103071][Kaanapali][SDZ]ADSP crash during asr recording stability test,High,Bug,InProgress,jialinl,raddala,7/9/2025 7:18:53 AM,NA,LPAIDSP.HT.1.5-00247-BALSAM-1
4210698,[FR103071][Kaanapali][SDZ]ADSP crash during asr recording stability test,High,Bug,InProgress,jialinl,raddala,7/9/2025 7:18:53 AM,NA,MPSS.KI.0.1-01750.8-KAANAPALI_GENLTERFCONVALIOTH_TEST-1
4210716,[FR109402][Kaanapali][AON_ASR]ASR content output frequency is slow when screen on with dynamic mode,High,Bug,Withdrawn,jialinl,ayugupt,7/9/2025 7:22:00 AM,NA,NA
4210730,[FR103071][Kaanapali.LA.1.0][SDZ] start timestamp error,Medium,Bug,CannotDuplicate,haiyxiao,ankmis,7/9/2025 7:25:41 AM,NA,NA
4212470,[FR109402][Kaanapali.LA.1.0][Conversataion][AON] 2nd start recording failed in dynamic switch mode,Medium,Bug,Closed,haiyxiao,ruocxu,7/10/2025 8:02:49 AM,NA,LA.QSSI.16.0-26200-qssi.1-1
4212470,[FR109402][Kaanapali.LA.1.0][Conversataion][AON] 2nd start recording failed in dynamic switch mode,Medium,Bug,Closed,haiyxiao,ruocxu,7/10/2025 8:02:49 AM,NA,NA
4212470,[FR109402][Kaanapali.LA.1.0][Conversataion][AON] 2nd start recording failed in dynamic switch mode,Medium,Bug,Closed,haiyxiao,ruocxu,7/10/2025 8:02:49 AM,NA,LA.QISI.16.0-03400-qssi.1-1
4212470,[FR109402][Kaanapali.LA.1.0][Conversataion][AON] 2nd start recording failed in dynamic switch mode,Medium,Bug,Closed,haiyxiao,ruocxu,7/10/2025 8:02:49 AM,NA,LA.QSSI.16.4-01100-qssi.1-1
4212470,[FR109402][Kaanapali.LA.1.0][Conversataion][AON] 2nd start recording failed in dynamic switch mode,Medium,Bug,Closed,haiyxiao,ruocxu,7/10/2025 8:02:49 AM,NA,LA.QXSI.16.0-12400-qssi.1-1
4212470,[FR109402][Kaanapali.LA.1.0][Conversataion][AON] 2nd start recording failed in dynamic switch mode,Medium,Bug,Closed,haiyxiao,ruocxu,7/10/2025 8:02:49 AM,NA,LA.QSSI.17.0-05002-qssi.1-2
4212487,[FR109402][Kaanapali][AON_ASR]ASR function did not work after a night of standby,High,Bug,InProgress,jialinl,zhijsun,7/10/2025 8:12:50 AM,NA,NA
4212487,[FR109402][Kaanapali][AON_ASR]ASR function did not work after a night of standby,High,Bug,InProgress,jialinl,zhijsun,7/10/2025 8:12:50 AM,NA,LA.QISI.16.0-03400-qssi.1-1
4212487,[FR109402][Kaanapali][AON_ASR]ASR function did not work after a night of standby,High,Bug,InProgress,jialinl,zhijsun,7/10/2025 8:12:50 AM,NA,LA.QSSI.16.0-26200-qssi.1-1
4212487,[FR109402][Kaanapali][AON_ASR]ASR function did not work after a night of standby,High,Bug,InProgress,jialinl,zhijsun,7/10/2025 8:12:50 AM,NA,LA.QXSI.16.0-12400-qssi.1-1
4212487,[FR109402][Kaanapali][AON_ASR]ASR function did not work after a night of standby,High,Bug,InProgress,jialinl,zhijsun,7/10/2025 8:12:50 AM,NA,LA.QSSI.16.4-01100-qssi.1-1
4212487,[FR109402][Kaanapali][AON_ASR]ASR function did not work after a night of standby,High,Bug,InProgress,jialinl,zhijsun,7/10/2025 8:12:50 AM,NA,LA.QSSI.17.0-05002-qssi.1-2
4217218,FR109489: Request changing whisper medium cache size,NA,Requirement,InProgress,yaqih,jianzz,7/15/2025 3:16:39 AM,NA,NA
4219302,[FR103072][TTS] VoiceAI usecase TTS fail to read special characters,Medium,Bug,InProgress,yaqih,jinzhang,7/16/2025 7:22:54 AM,NA,NA
4219312,[FR103072][TTS] VoiceAI usecase TTS characters omission in speech,Medium,Bug,InProgress,yaqih,jinzhang,7/16/2025 7:28:00 AM,NA,NA
4219484,[QPM_Release][WOS][Whisper]Incorrect Guidance Location and Explanation in Readme,Medium,Bug,InProgress,jialinl,jianzz,7/16/2025 8:53:16 AM,NA,NA
4220853,"[FR102465][Kaanapali][VoiceAIUsecase][ASR and TTS] The audio lost the first 0.2s~0.3s, if speaking immediately after recording",Medium,Bug,InProgress,haiyxiao,zhijsun,7/17/2025 7:11:02 AM,NA,LA.QSSI.16.0-35600-qssi.1-1
4220853,"[FR102465][Kaanapali][VoiceAIUsecase][ASR and TTS] The audio lost the first 0.2s~0.3s, if speaking immediately after recording",Medium,Bug,InProgress,haiyxiao,zhijsun,7/17/2025 7:11:02 AM,NA,LA.QSSI.17.0-17000-qssi.0-1
4220853,"[FR102465][Kaanapali][VoiceAIUsecase][ASR and TTS] The audio lost the first 0.2s~0.3s, if speaking immediately after recording",Medium,Bug,InProgress,haiyxiao,zhijsun,7/17/2025 7:11:02 AM,NA,LA.QXSI.16.0-18600-qssi.1-1
4220853,"[FR102465][Kaanapali][VoiceAIUsecase][ASR and TTS] The audio lost the first 0.2s~0.3s, if speaking immediately after recording",Medium,Bug,InProgress,haiyxiao,zhijsun,7/17/2025 7:11:02 AM,NA,NA
4222016,[FR102465][VoiceAI]move the SharedMemory FD logic into QSS,Medium,Bug,InProgress,mincyao,ruocxu,7/18/2025 2:30:00 AM,NA,LA.QSSI.16.4-01400-qssi.1-1
4222016,[FR102465][VoiceAI]move the SharedMemory FD logic into QSS,Medium,Bug,InProgress,mincyao,ruocxu,7/18/2025 2:30:00 AM,NA,NA
4222016,[FR102465][VoiceAI]move the SharedMemory FD logic into QSS,Medium,Bug,InProgress,mincyao,ruocxu,7/18/2025 2:30:00 AM,NA,LA.QISI.16.0-03400-qssi.1-1
4222016,[FR102465][VoiceAI]move the SharedMemory FD logic into QSS,Medium,Bug,InProgress,mincyao,ruocxu,7/18/2025 2:30:00 AM,NA,LA.QSSI.16.0-26700-qssi.1-1
4222016,[FR102465][VoiceAI]move the SharedMemory FD logic into QSS,Medium,Bug,InProgress,mincyao,ruocxu,7/18/2025 2:30:00 AM,NA,LA.QXSI.16.0-12800-qssi.1-1
4224795,"[FR101966][Kaanapali][MMA]Lift, Gaze/Look and Talk is hard to wake up",High,Bug,Duplicate,jialinl,vkotte,7/21/2025 12:38:27 PM,4207661,NA
4225363,[FR110552][Translate] VoiceAI usecase long Chinese text translates to English incorrectly,Medium,Bug,InProgress,yaqih,kuifzhu,7/22/2025 2:49:48 AM,NA,NA
4225366,[FR110552][Translate] VoiceAI usecase: ​​Sentences missing and model hallucinations occur in the English-to-Chinese translation output,Medium,Bug,InProgress,yaqih,kuifzhu,7/22/2025 2:54:04 AM,NA,NA
4227615,[FR109402][Kaanapali][AON_ASR]ASR function did not work after multiple quick clicks on start button,High,Bug,InProgress,jialinl,ruocxu,7/23/2025 9:13:39 AM,NA,NA
4227615,[FR109402][Kaanapali][AON_ASR]ASR function did not work after multiple quick clicks on start button,High,Bug,InProgress,jialinl,ruocxu,7/23/2025 9:13:39 AM,NA,LA.QISI.16.0-03400-qssi.1-1
4227615,[FR109402][Kaanapali][AON_ASR]ASR function did not work after multiple quick clicks on start button,High,Bug,InProgress,jialinl,ruocxu,7/23/2025 9:13:39 AM,NA,LA.QXSI.16.0-12800-qssi.1-1
4227615,[FR109402][Kaanapali][AON_ASR]ASR function did not work after multiple quick clicks on start button,High,Bug,InProgress,jialinl,ruocxu,7/23/2025 9:13:39 AM,NA,LA.QSSI.16.0-26700-qssi.1-1
4227615,[FR109402][Kaanapali][AON_ASR]ASR function did not work after multiple quick clicks on start button,High,Bug,InProgress,jialinl,ruocxu,7/23/2025 9:13:39 AM,NA,LA.QSSI.16.4-01400-qssi.1-1
4229165,[FR109402][Kaanapali][AON_ASR]ASR function did not work after trigger ADSP SSR/PDR,High,Bug,InProgress,jialinl,ankmis,7/24/2025 9:08:04 AM,NA,AUDIO_HANDSET.LA.12.0-02600-hawi.1.CONSOLIDATED-1
4229165,[FR109402][Kaanapali][AON_ASR]ASR function did not work after trigger ADSP SSR/PDR,High,Bug,InProgress,jialinl,ankmis,7/24/2025 9:08:04 AM,NA,NA
4229165,[FR109402][Kaanapali][AON_ASR]ASR function did not work after trigger ADSP SSR/PDR,High,Bug,InProgress,jialinl,ankmis,7/24/2025 9:08:04 AM,NA,AUDIO_HANDSET.LA.11.0-10300-pakala.1-1
4230656,[FR109402][Kaanapali][AON_ASR]there is no speaker laber output AON+SDZ enable,Medium,Bug,InProgress,mincyao,raddala,7/25/2025 8:41:15 AM,NA,MPSS.CYSP.1.0-00092-AMBOSELI_CORE_TEST-1
4230656,[FR109402][Kaanapali][AON_ASR]there is no speaker laber output AON+SDZ enable,Medium,Bug,InProgress,mincyao,raddala,7/25/2025 8:41:15 AM,NA,MPSS.KI.1.0-01336.2-AMBOSELI_RUMIDIAGUARTACVP_TEST-1
4230656,[FR109402][Kaanapali][AON_ASR]there is no speaker laber output AON+SDZ enable,Medium,Bug,InProgress,mincyao,raddala,7/25/2025 8:41:15 AM,NA,CDSP.HT.3.2-00708.2-KAANAPALI-1
4230656,[FR109402][Kaanapali][AON_ASR]there is no speaker laber output AON+SDZ enable,Medium,Bug,InProgress,mincyao,raddala,7/25/2025 8:41:15 AM,NA,LPAIDSP.HT.1.5.c1-00121-BALSAM-1
4230656,[FR109402][Kaanapali][AON_ASR]there is no speaker laber output AON+SDZ enable,Medium,Bug,InProgress,mincyao,raddala,7/25/2025 8:41:15 AM,NA,NA
4230656,[FR109402][Kaanapali][AON_ASR]there is no speaker laber output AON+SDZ enable,Medium,Bug,InProgress,mincyao,raddala,7/25/2025 8:41:15 AM,NA,LPAIDSP.HT.1.2-00810.2-KAANAPALI-1
4230656,[FR109402][Kaanapali][AON_ASR]there is no speaker laber output AON+SDZ enable,Medium,Bug,InProgress,mincyao,raddala,7/25/2025 8:41:15 AM,NA,LPAIDSP.HT.1.4-00461-ASPEN-1
4230656,[FR109402][Kaanapali][AON_ASR]there is no speaker laber output AON+SDZ enable,Medium,Bug,InProgress,mincyao,raddala,7/25/2025 8:41:15 AM,NA,LPAIDSP.HT.1.5-00270-BALSAM-1
4230656,[FR109402][Kaanapali][AON_ASR]there is no speaker laber output AON+SDZ enable,Medium,Bug,InProgress,mincyao,raddala,7/25/2025 8:41:15 AM,NA,MPSS.KI.0.1-01800-KAANAPALI_GENLTERFCONVALIOTH_TEST-1
4231824,[FR109402][Kaanapali][AON_ASR]there is no speaker laber output  with AON+SDZ enable,Medium,Bug,Duplicate,mincyao,raddala,7/28/2025 3:04:56 AM,4230656,NA
4233412,[FR110552][kaanapali][Translate]App crash during the stability test for English-to-other-language translation,Medium,Bug,InProgress,yaqih,kuifzhu,7/29/2025 1:32:25 AM,NA,NA
4241640,[FR109533][Kaanapali][Buffer Recording]Device would get crash when enble history buffer recording mode,High,Bug,InProgress,jialinl,himachau,8/5/2025 6:03:01 AM,NA,CDSP.HT.3.2-00729-KAANAPALI-1
4241640,[FR109533][Kaanapali][Buffer Recording]Device would get crash when enble history buffer recording mode,High,Bug,InProgress,jialinl,himachau,8/5/2025 6:03:01 AM,NA,MPSS.CYSP.1.0-00121-AMBOSELI_CORE_TEST-1
4241640,[FR109533][Kaanapali][Buffer Recording]Device would get crash when enble history buffer recording mode,High,Bug,InProgress,jialinl,himachau,8/5/2025 6:03:01 AM,NA,LPAIDSP.HT.1.6-00150-HAWI-1
4241640,[FR109533][Kaanapali][Buffer Recording]Device would get crash when enble history buffer recording mode,High,Bug,InProgress,jialinl,himachau,8/5/2025 6:03:01 AM,NA,AUDIOREACH_SPF.SDK.0.0-00097-AR_SDK-1
4241640,[FR109533][Kaanapali][Buffer Recording]Device would get crash when enble history buffer recording mode,High,Bug,InProgress,jialinl,himachau,8/5/2025 6:03:01 AM,NA,AUDIOREACH_WIN.SDK.0.0-00025-Debug-7
4241640,[FR109533][Kaanapali][Buffer Recording]Device would get crash when enble history buffer recording mode,High,Bug,InProgress,jialinl,himachau,8/5/2025 6:03:01 AM,NA,CDSP.HT.3.6-00113-HAWI-1
4241640,[FR109533][Kaanapali][Buffer Recording]Device would get crash when enble history buffer recording mode,High,Bug,InProgress,jialinl,himachau,8/5/2025 6:03:01 AM,NA,LPAIDSP.HT.1.5.c1-00138-BALSAM-1
4241640,[FR109533][Kaanapali][Buffer Recording]Device would get crash when enble history buffer recording mode,High,Bug,InProgress,jialinl,himachau,8/5/2025 6:03:01 AM,NA,NA
4241640,[FR109533][Kaanapali][Buffer Recording]Device would get crash when enble history buffer recording mode,High,Bug,InProgress,jialinl,himachau,8/5/2025 6:03:01 AM,NA,LPAIDSP.HT.1.2-00845-KAANAPALI-1
4241640,[FR109533][Kaanapali][Buffer Recording]Device would get crash when enble history buffer recording mode,High,Bug,InProgress,jialinl,himachau,8/5/2025 6:03:01 AM,NA,LPAIDSP.HT.1.5-00289-BALSAM-1
4241640,[FR109533][Kaanapali][Buffer Recording]Device would get crash when enble history buffer recording mode,High,Bug,InProgress,jialinl,himachau,8/5/2025 6:03:01 AM,NA,MPSS.KI.0.1-01896-KAANAPALI_GENLTERFNMCCONVPICTOR_TEST-1
4241640,[FR109533][Kaanapali][Buffer Recording]Device would get crash when enble history buffer recording mode,High,Bug,InProgress,jialinl,himachau,8/5/2025 6:03:01 AM,NA,MPSS.KI.1.0-01454-AMBOSELI_GENAUTOEMMC_TEST-1
4242158,[FR109533][Kaanapali][Buffer Recording]App play button keep 'stop' status after finish recording playback,Medium,Bug,InProgress,jialinl,zhijsun,8/5/2025 9:28:57 AM,NA,LA.QISI.16.0-05300-qssi.1-1
4242158,[FR109533][Kaanapali][Buffer Recording]App play button keep 'stop' status after finish recording playback,Medium,Bug,InProgress,jialinl,zhijsun,8/5/2025 9:28:57 AM,NA,LA.QSSI.17.0-12902-qssi.1-8
4242158,[FR109533][Kaanapali][Buffer Recording]App play button keep 'stop' status after finish recording playback,Medium,Bug,InProgress,jialinl,zhijsun,8/5/2025 9:28:57 AM,NA,NA
4242158,[FR109533][Kaanapali][Buffer Recording]App play button keep 'stop' status after finish recording playback,Medium,Bug,InProgress,jialinl,zhijsun,8/5/2025 9:28:57 AM,NA,LA.QSSI.16.0-28100-qssi.1-1
4242158,[FR109533][Kaanapali][Buffer Recording]App play button keep 'stop' status after finish recording playback,Medium,Bug,InProgress,jialinl,zhijsun,8/5/2025 9:28:57 AM,NA,LA.QXSI.16.0-13500-qssi.1-1
4243740,[FR109533][Kaanapali][Buffer Recording]App could not start recording after kill app from task manager during recording,Medium,Bug,InProgress,jialinl,ruocxu,8/6/2025 7:03:23 AM,NA,LA.QISI.16.0-05300-qssi.1-1
4243740,[FR109533][Kaanapali][Buffer Recording]App could not start recording after kill app from task manager during recording,Medium,Bug,InProgress,jialinl,ruocxu,8/6/2025 7:03:23 AM,NA,LA.QSSI.17.0-12902-qssi.1-8
4243740,[FR109533][Kaanapali][Buffer Recording]App could not start recording after kill app from task manager during recording,Medium,Bug,InProgress,jialinl,ruocxu,8/6/2025 7:03:23 AM,NA,LA.QXSI.16.0-13500-qssi.1-1
4243740,[FR109533][Kaanapali][Buffer Recording]App could not start recording after kill app from task manager during recording,Medium,Bug,InProgress,jialinl,ruocxu,8/6/2025 7:03:23 AM,NA,NA
4243740,[FR109533][Kaanapali][Buffer Recording]App could not start recording after kill app from task manager during recording,Medium,Bug,InProgress,jialinl,ruocxu,8/6/2025 7:03:23 AM,NA,LA.QSSI.16.0-28100-qssi.1-1
4245382,[FR103071][Kaanapali][SDZ]ASR result was blank with output buffer mode,Medium,Bug,Duplicate,jialinl,pbarman,8/7/2025 4:54:15 AM,4265902,NA
4247481,VOICEAI-112 Moto asks change mmap for whisper lib,NA,Requirement,InProgress,jialinl,juwei,8/8/2025 7:05:08 AM,NA,NA
4247574,[QPM][Whisper}Whisper upgrades qnn version to 2.37,Medium,Bug,InProgress,jialinl,kuifzhu,8/8/2025 7:41:03 AM,NA,NA
4252620,[FR103071][Kaanapali][SDZ]App stop ASR recording immediately during stability test（1/25）,High,Bug,Analysis,jialinl,avangala,8/13/2025 3:09:14 AM,NA,NA
4254446,[FR109395][Kanapali][SDSample] Java heap memory leak in real time mode during perf testing,Medium,Bug,InProgress,haiyxiao,yongfeiz,8/14/2025 2:07:55 AM,NA,NA
4254606,"[FR103071][Kaanapali][SDZ]The first part of ASR content would be labeled ""speaker 2""",Medium,Bug,Closed,jialinl,yej,8/14/2025 4:48:28 AM,NA,NA
4259317,[FR101967][FR97187][Kaanapali.LA.1.0][VoiceCallTranslation] No EC on translation path,High,Bug,InProgress,jialinl,shikmath,8/19/2025 2:32:45 AM,NA,AUDIO_HANDSET.LA.11.0-12300-pakala.1-1
4259317,[FR101967][FR97187][Kaanapali.LA.1.0][VoiceCallTranslation] No EC on translation path,High,Bug,InProgress,jialinl,shikmath,8/19/2025 2:32:45 AM,NA,NA
4262389,[FR109395][Kaanapali]Music playback will go into recording process  for barge in usecase,Medium,Bug,InProgress,mincyao,ngaja,8/20/2025 9:18:47 AM,NA,AUDIO_IOT.LNX.1.0-02100-kaanapali.1-1
4262389,[FR109395][Kaanapali]Music playback will go into recording process  for barge in usecase,Medium,Bug,InProgress,mincyao,ngaja,8/20/2025 9:18:47 AM,NA,NA
4262389,[FR109395][Kaanapali]Music playback will go into recording process  for barge in usecase,Medium,Bug,InProgress,mincyao,ngaja,8/20/2025 9:18:47 AM,NA,AUDIO_HANDSET.LA.11.0-12300-pakala.1-1
4262389,[FR109395][Kaanapali]Music playback will go into recording process  for barge in usecase,Medium,Bug,InProgress,mincyao,ngaja,8/20/2025 9:18:47 AM,NA,AUDIO_HANDSET.LA.12.0-03800-kaanapali.1-1
4264493,[FR110552][Kaanapali][Translation] Output miss or <pad> hallucination,Medium,Bug,InProgress,haiyxiao,kuifzhu,8/21/2025 9:08:34 AM,NA,NA
4264626,[FR109395][Kaanapali][SDSample] Native heap memory leak in real time mode during perf testing,Medium,Bug,InProgress,haiyxiao,yongfeiz,8/21/2025 9:44:48 AM,NA,NA
4265902,[FR103071][Kaanapali][SDZ]ASR would lost parts of content with output buffer mode(100%),High,Bug,InProgress,jialinl,ankmis,8/22/2025 4:48:09 AM,NA,AUDIO_HANDSET.LA.11.0-11000-kaanapali.1-1
4265902,[FR103071][Kaanapali][SDZ]ASR would lost parts of content with output buffer mode(100%),High,Bug,InProgress,jialinl,ankmis,8/22/2025 4:48:09 AM,NA,COMPUTE.AL.1.0-00302-hamoa.1.CONSOLIDATED-1
4265902,[FR103071][Kaanapali][SDZ]ASR would lost parts of content with output buffer mode(100%),High,Bug,InProgress,jialinl,ankmis,8/22/2025 4:48:09 AM,NA,NA
4265902,[FR103071][Kaanapali][SDZ]ASR would lost parts of content with output buffer mode(100%),High,Bug,InProgress,jialinl,ankmis,8/22/2025 4:48:09 AM,NA,AUDIO_HANDSET.LA.12.0-03000-hawi.1-1
4269917,FR105833:Two stage SVA on WoS,NA,Requirement,Closed,mincyao,jinzhang,8/26/2025 1:58:52 AM,NA,APSS.WP_GL.1.0-03030-SC8480XAAASFNWAA-1
4270060,[FR97187][Kaanapali][VoiceCallTranslation]App crash during stability test ( Once),Medium,Bug,InProgress,jialinl,jianzz,8/26/2025 4:31:40 AM,NA,NA
4272135, [FR102465][Kaanapali][VoiceAIUsecase][ASR][Zipformer] Lost first word but audio is complete,Medium,Bug,InProgress,haiyxiao,pbarman,8/27/2025 10:47:50 AM,NA,LPAIDSP.HT.1.6-00187-HAWI-1
4272135, [FR102465][Kaanapali][VoiceAIUsecase][ASR][Zipformer] Lost first word but audio is complete,Medium,Bug,InProgress,haiyxiao,pbarman,8/27/2025 10:47:50 AM,NA,NA
4272135, [FR102465][Kaanapali][VoiceAIUsecase][ASR][Zipformer] Lost first word but audio is complete,Medium,Bug,InProgress,haiyxiao,pbarman,8/27/2025 10:47:50 AM,NA,CDSP.HT.3.2-00763-KAANAPALI-1
4272135, [FR102465][Kaanapali][VoiceAIUsecase][ASR][Zipformer] Lost first word but audio is complete,Medium,Bug,InProgress,haiyxiao,pbarman,8/27/2025 10:47:50 AM,NA,ADSP.VT.5.4.5-00030-ALDABRA-1
4272135, [FR102465][Kaanapali][VoiceAIUsecase][ASR][Zipformer] Lost first word but audio is complete,Medium,Bug,InProgress,haiyxiao,pbarman,8/27/2025 10:47:50 AM,NA,CDSP.HT.3.6-00148-HAWI-1
4272135, [FR102465][Kaanapali][VoiceAIUsecase][ASR][Zipformer] Lost first word but audio is complete,Medium,Bug,InProgress,haiyxiao,pbarman,8/27/2025 10:47:50 AM,NA,LPAIDSP.HT.1.2-00888-KAANAPALI-1
4272135, [FR102465][Kaanapali][VoiceAIUsecase][ASR][Zipformer] Lost first word but audio is complete,Medium,Bug,InProgress,haiyxiao,pbarman,8/27/2025 10:47:50 AM,NA,LPAIDSP.HT.1.5.c1-00168-BALSAM-1
4272135, [FR102465][Kaanapali][VoiceAIUsecase][ASR][Zipformer] Lost first word but audio is complete,Medium,Bug,InProgress,haiyxiao,pbarman,8/27/2025 10:47:50 AM,NA,MPSS.CYSP.1.0-00181-AMBOSELI_RUMIDIAGUARTALIOTHSPPHY_TEST-1
4272135, [FR102465][Kaanapali][VoiceAIUsecase][ASR][Zipformer] Lost first word but audio is complete,Medium,Bug,InProgress,haiyxiao,pbarman,8/27/2025 10:47:50 AM,NA,MPSS.KI.1.0-01618.12-AMBOSELI_GENVP_TEST-2
4272135, [FR102465][Kaanapali][VoiceAIUsecase][ASR][Zipformer] Lost first word but audio is complete,Medium,Bug,InProgress,haiyxiao,pbarman,8/27/2025 10:47:50 AM,NA,AUDIOREACH_SPF.SDK.0.0-00100-AR_SDK-1
4272135, [FR102465][Kaanapali][VoiceAIUsecase][ASR][Zipformer] Lost first word but audio is complete,Medium,Bug,InProgress,haiyxiao,pbarman,8/27/2025 10:47:50 AM,NA,LPAIDSP.HT.1.5-00325-BALSAM-1
4272135, [FR102465][Kaanapali][VoiceAIUsecase][ASR][Zipformer] Lost first word but audio is complete,Medium,Bug,InProgress,haiyxiao,pbarman,8/27/2025 10:47:50 AM,NA,MPSS.KI.0.1-02050-KAANAPALI_GENALIOTHRFCONVPHY_TEST-1
4276542,[FR109395][kaanapali][SDB]App crash during the stability test case: Random Start Stop 1000times,Medium,Bug,InProgress,yaqih,yongfeiz,9/2/2025 6:06:55 AM,NA,NA
4278024,[FR105833][Wos]Use hwid instead of hardcode in the inx file,Medium,Bug,Closed,mincyao,zhijsun,9/3/2025 2:37:40 AM,NA,APSS.WP_GL.1.0-03312-SC8480XAAACQLWAA-1
4278037,[FR112583][Quectel]MeloTTS support on 8550(LA),NA,Requirement,InProgress,mincyao,feisun,9/3/2025 2:52:39 AM,NA,NA
4278040,FR104867 Voice Call Translation Phase 1: Rx and/or Tx text recording and save to a file,NA,Requirement,InProgress,mincyao,feisun,9/3/2025 2:54:15 AM,NA,LA.QXSI.16.0-15900-qssi.1-1
4278040,FR104867 Voice Call Translation Phase 1: Rx and/or Tx text recording and save to a file,NA,Requirement,InProgress,mincyao,feisun,9/3/2025 2:54:15 AM,NA,LA.QISI.16.0-08100-qssi.1-1
4278040,FR104867 Voice Call Translation Phase 1: Rx and/or Tx text recording and save to a file,NA,Requirement,InProgress,mincyao,feisun,9/3/2025 2:54:15 AM,NA,NA
4278040,FR104867 Voice Call Translation Phase 1: Rx and/or Tx text recording and save to a file,NA,Requirement,InProgress,mincyao,feisun,9/3/2025 2:54:15 AM,NA,LA.QISI.17.0-00600-qssi.1-1
4278040,FR104867 Voice Call Translation Phase 1: Rx and/or Tx text recording and save to a file,NA,Requirement,InProgress,mincyao,feisun,9/3/2025 2:54:15 AM,NA,LA.QSSI.16.0-31200-qssi.1-1
4278040,FR104867 Voice Call Translation Phase 1: Rx and/or Tx text recording and save to a file,NA,Requirement,InProgress,mincyao,feisun,9/3/2025 2:54:15 AM,NA,LA.QSSI.17.0-15902-qssi.1-1
4278364,[FR105833][Glymur] enrollment UI  correct ,Medium,Bug,Closed,mincyao,zhijsun,9/3/2025 6:23:11 AM,NA,APSS.WP_GL.1.0-03325-SC8480XAAACQLWAA-1
4278921,"[FR105833][Glymur]During a user enrollment process, the recording does not stop. Approximately 20% chance of occurrence.",Medium,Bug,InProgress,yaqih,junjiez,9/3/2025 9:52:16 AM,NA,NA
4278921,"[FR105833][Glymur]During a user enrollment process, the recording does not stop. Approximately 20% chance of occurrence.",Medium,Bug,InProgress,yaqih,junjiez,9/3/2025 9:52:16 AM,NA,APSS.WP_GL.1.0-03529-SC8480XAAACQLWAA-1
4280496,[QPM][Hamoa] KPI Test binary outputs redundant invalid logs,Medium,Bug,InProgress,haiyxiao,kuifzhu,9/4/2025 6:57:24 AM,NA,NA
4284067,[FR105833][Glymur]Update Hey HP en model ,Medium,Bug,Closed,yaqih,jinzhang,9/8/2025 9:08:54 AM,NA,APSS.WP_GL.1.0-03325-SC8480XAAACQLWAA-1
4284920,"[QPM_Release][Eliza/Molokai][Whisper]Whisper app keeps showing recording, but no resoponse when click UI",Medium,Bug,InProgress,jialinl,dunhye,9/9/2025 2:36:31 AM,NA,NA
4293348,[FR112951][QPM][Translation][1.1.0.0] LE compile error,Medium,Bug,InProgress,haiyxiao,dunhye,9/17/2025 2:35:49 AM,NA,NA
4293895,[FR112951][QPM][Translation][1.1.0.0] No arch64-linux folder under release folder,Medium,Bug,InProgress,haiyxiao,dunhye,9/17/2025 8:22:20 AM,NA,NA
4295531,"[Kaanapali]Remove QualcommVoiceActivation, VoiceAIRef, VoiceAIDspASRRef",Medium,Bug,Closed,mincyao,ruocxu,9/18/2025 9:21:27 AM,NA,NA
4295531,"[Kaanapali]Remove QualcommVoiceActivation, VoiceAIRef, VoiceAIDspASRRef",Medium,Bug,Closed,mincyao,ruocxu,9/18/2025 9:21:27 AM,NA,LA.QISI.16.0-09100-qssi.1-1
4295531,"[Kaanapali]Remove QualcommVoiceActivation, VoiceAIRef, VoiceAIDspASRRef",Medium,Bug,Closed,mincyao,ruocxu,9/18/2025 9:21:27 AM,NA,LA.QSSI.16.0-32600-qssi.1-1
4295531,"[Kaanapali]Remove QualcommVoiceActivation, VoiceAIRef, VoiceAIDspASRRef",Medium,Bug,Closed,mincyao,ruocxu,9/18/2025 9:21:27 AM,NA,LA.QSSI.17.0-12902-qssi.1-8
4295531,"[Kaanapali]Remove QualcommVoiceActivation, VoiceAIRef, VoiceAIDspASRRef",Medium,Bug,Closed,mincyao,ruocxu,9/18/2025 9:21:27 AM,NA,LA.QXSI.16.0-16800-qssi.1-1
4296358,[FR109395][Kaanapali][SDSample] Native heap memory leak in real time mode during perf testing,Medium,Bug,InProgress,haiyxiao,yongfeiz,9/19/2025 2:08:47 AM,NA,NA
4296363,[FR105833][Glymur]Fail to enable keyword in Home UI. Approximately 20% chance of occurrence.,Medium,Bug,InProgress,yaqih,junjiez,9/19/2025 2:13:17 AM,NA,NA
4296625,[FR105833][Glymur]Add VoiceAssistantDriver8480 to msiconfig.xml and add voiceassistant.asl file to acpi,Medium,Bug,Closed,yaqih,jinzhang,9/19/2025 6:09:17 AM,NA,APSS.WP_GL.1.0-03529-SC8480XAAACQLWAA-1
4296867,[QPM][ASR][2.2.0.0] Modify the build instructions in markdown syntax in readme,Low,Bug,InProgress,haiyxiao,dunhye,9/19/2025 8:06:26 AM,NA,NA
4296870,[QPM][ASR][2.2.0.0] Lib path is not complete ,Low,Bug,InProgress,haiyxiao,dunhye,9/19/2025 8:10:48 AM,NA,NA
4296879,[QPM][ASR][2.2.0.0] Missing spaces around the brackets in code,Low,Bug,InProgress,haiyxiao,dunhye,9/19/2025 8:17:53 AM,NA,NA
4298010,[QPM_Release][KailuaLA][MeloTTS]Incorrect QNN info in readme of smaple app,High,Bug,InProgress,jialinl,feisun,9/22/2025 2:21:50 AM,NA,NA
4302693,[FR104867][Kaanapali][VoiceCallTranslation][MDF]Device would get crash when running the MDF voicecall case and connected QACT(3/3),Medium,Bug,InProgress,jialinl,wjiang,9/25/2025 4:17:39 AM,NA,NA
4302693,[FR104867][Kaanapali][VoiceCallTranslation][MDF]Device would get crash when running the MDF voicecall case and connected QACT(3/3),Medium,Bug,InProgress,jialinl,wjiang,9/25/2025 4:17:39 AM,NA,LPAIDSP.HT.1.4-00522-ASPEN-1
4302693,[FR104867][Kaanapali][VoiceCallTranslation][MDF]Device would get crash when running the MDF voicecall case and connected QACT(3/3),Medium,Bug,InProgress,jialinl,wjiang,9/25/2025 4:17:39 AM,NA,LPAIDSP.HT.1.5.c1-00138-BALSAM-1
4302693,[FR104867][Kaanapali][VoiceCallTranslation][MDF]Device would get crash when running the MDF voicecall case and connected QACT(3/3),Medium,Bug,InProgress,jialinl,wjiang,9/25/2025 4:17:39 AM,NA,LPAIDSP.HT.1.6-00159-HAWI-1
4302693,[FR104867][Kaanapali][VoiceCallTranslation][MDF]Device would get crash when running the MDF voicecall case and connected QACT(3/3),Medium,Bug,InProgress,jialinl,wjiang,9/25/2025 4:17:39 AM,NA,LPAIDSP.HT.1.5-00298-BALSAM-1
4302693,[FR104867][Kaanapali][VoiceCallTranslation][MDF]Device would get crash when running the MDF voicecall case and connected QACT(3/3),Medium,Bug,InProgress,jialinl,wjiang,9/25/2025 4:17:39 AM,NA,MPSS.KI.0.1-01935.5-KAANAPALI_GENLTERFCONVALIOTH_TEST-1
4302693,[FR104867][Kaanapali][VoiceCallTranslation][MDF]Device would get crash when running the MDF voicecall case and connected QACT(3/3),Medium,Bug,InProgress,jialinl,wjiang,9/25/2025 4:17:39 AM,NA,AUDIOREACH_SPF.SDK.0.0-00097-AR_SDK-1
4302693,[FR104867][Kaanapali][VoiceCallTranslation][MDF]Device would get crash when running the MDF voicecall case and connected QACT(3/3),Medium,Bug,InProgress,jialinl,wjiang,9/25/2025 4:17:39 AM,NA,CDSP.HT.3.6-00121-HAWI-1
4302693,[FR104867][Kaanapali][VoiceCallTranslation][MDF]Device would get crash when running the MDF voicecall case and connected QACT(3/3),Medium,Bug,InProgress,jialinl,wjiang,9/25/2025 4:17:39 AM,NA,CDSP.HT.3.2-00745.1-KAANAPALI-1
4302693,[FR104867][Kaanapali][VoiceCallTranslation][MDF]Device would get crash when running the MDF voicecall case and connected QACT(3/3),Medium,Bug,InProgress,jialinl,wjiang,9/25/2025 4:17:39 AM,NA,LPAIDSP.HT.1.2-00865.3-KAANAPALI-1
4302693,[FR104867][Kaanapali][VoiceCallTranslation][MDF]Device would get crash when running the MDF voicecall case and connected QACT(3/3),Medium,Bug,InProgress,jialinl,wjiang,9/25/2025 4:17:39 AM,NA,MPSS.CYSP.1.0-00132-AMBOSELI_CORE_TEST-1
4302693,[FR104867][Kaanapali][VoiceCallTranslation][MDF]Device would get crash when running the MDF voicecall case and connected QACT(3/3),Medium,Bug,InProgress,jialinl,wjiang,9/25/2025 4:17:39 AM,NA,MPSS.KI.1.0-01500-AMBOSELI_LPMMWEMMCPHY_TEST-1
4303248,[QPM][TTS][v1.0.2.0 Beta1] TTS Chinese output is empty (100%),Medium,Bug,InProgress,haiyxiao,feisun,9/25/2025 9:07:42 AM,NA,NA
4303253,[QPM][TTS][v1.0.2.0 Beta1] TTS Spanish generation stuck (27/1000),Medium,Bug,InProgress,haiyxiao,feisun,9/25/2025 9:08:56 AM,NA,NA
4304079," [FR105833][Glymur]V3.2 fail to enable keyword in Home UI, with an approximate occurrence rate of 10%.​",Medium,Bug,InProgress,yaqih,junjiez,9/26/2025 2:02:08 AM,NA,NA
4304083,[FR105833][Glymur]Fail to enroll. (pass rate 14/5),Medium,Bug,Closed,yaqih,haozh,9/26/2025 2:06:45 AM,NA,APSS.WP_GL.1.0-03529-SC8480XAAACQLWAA-1
4304455,[FR104867][Kaanapali][VoiceCallTranslation][MDF]Mute function did not work after the translation enabled(100%),Medium,Bug,InProgress,jialinl,shikmath,9/26/2025 7:00:16 AM,NA,NA
4304455,[FR104867][Kaanapali][VoiceCallTranslation][MDF]Mute function did not work after the translation enabled(100%),Medium,Bug,InProgress,jialinl,shikmath,9/26/2025 7:00:16 AM,NA,AUDIO_HANDSET.LA.11.0-11400-aldabra.1-1
4304455,[FR104867][Kaanapali][VoiceCallTranslation][MDF]Mute function did not work after the translation enabled(100%),Medium,Bug,InProgress,jialinl,shikmath,9/26/2025 7:00:16 AM,NA,COMPUTE.AL.1.0-00302-hamoa.1.CONSOLIDATED-1
4304468,[QPM_Release][Hamoa][Whisper]Whisper SDK could not be generated with error not find the windows SDK,Medium,Bug,InProgress,jialinl,feisun,9/26/2025 7:03:08 AM,NA,NA
4304686,[FR109395][Kaanapali][SDSample] Timestamps are not correct in UI and log (once),Medium,Bug,InProgress,haiyxiao,yongfeiz,9/26/2025 9:23:18 AM,NA,NA
4306099,"[FR104867][Kaanapali][VoiceCallTranslation][MDF]The RX translation would not work after enable/disable ""mute the other phone""(100%)",High,Bug,InProgress,jialinl,wjiang,9/29/2025 7:25:42 AM,NA,NA
4306099,"[FR104867][Kaanapali][VoiceCallTranslation][MDF]The RX translation would not work after enable/disable ""mute the other phone""(100%)",High,Bug,InProgress,jialinl,wjiang,9/29/2025 7:25:42 AM,NA,AUDIOREACH_SPF.SDK.0.0-00119-AR_SDK-1
4306099,"[FR104867][Kaanapali][VoiceCallTranslation][MDF]The RX translation would not work after enable/disable ""mute the other phone""(100%)",High,Bug,InProgress,jialinl,wjiang,9/29/2025 7:25:42 AM,NA,CDSP.HT.3.6-00207-HAWI-1
4306099,"[FR104867][Kaanapali][VoiceCallTranslation][MDF]The RX translation would not work after enable/disable ""mute the other phone""(100%)",High,Bug,InProgress,jialinl,wjiang,9/29/2025 7:25:42 AM,NA,LPAIDSP.HT.1.2.c1-00450-PAKALA-2
4306099,"[FR104867][Kaanapali][VoiceCallTranslation][MDF]The RX translation would not work after enable/disable ""mute the other phone""(100%)",High,Bug,InProgress,jialinl,wjiang,9/29/2025 7:25:42 AM,NA,LPAIDSP.HT.1.4-00642-ASPEN-1
4306099,"[FR104867][Kaanapali][VoiceCallTranslation][MDF]The RX translation would not work after enable/disable ""mute the other phone""(100%)",High,Bug,InProgress,jialinl,wjiang,9/29/2025 7:25:42 AM,NA,MPSS.KI.1.0-01812.3-AMBOSELI_CORE_TEST-1
4306099,"[FR104867][Kaanapali][VoiceCallTranslation][MDF]The RX translation would not work after enable/disable ""mute the other phone""(100%)",High,Bug,InProgress,jialinl,wjiang,9/29/2025 7:25:42 AM,NA,CDSP.HT.3.2-00793-KAANAPALI-1
4306099,"[FR104867][Kaanapali][VoiceCallTranslation][MDF]The RX translation would not work after enable/disable ""mute the other phone""(100%)",High,Bug,InProgress,jialinl,wjiang,9/29/2025 7:25:42 AM,NA,LPAIDSP.HT.1.6-00265-HAWI-1
4306099,"[FR104867][Kaanapali][VoiceCallTranslation][MDF]The RX translation would not work after enable/disable ""mute the other phone""(100%)",High,Bug,InProgress,jialinl,wjiang,9/29/2025 7:25:42 AM,NA,ADSP.VT.5.4.5-00080-ALDABRA-1
4306099,"[FR104867][Kaanapali][VoiceCallTranslation][MDF]The RX translation would not work after enable/disable ""mute the other phone""(100%)",High,Bug,InProgress,jialinl,wjiang,9/29/2025 7:25:42 AM,NA,LPAIDSP.HT.1.2-00950-KAANAPALI-1
4306099,"[FR104867][Kaanapali][VoiceCallTranslation][MDF]The RX translation would not work after enable/disable ""mute the other phone""(100%)",High,Bug,InProgress,jialinl,wjiang,9/29/2025 7:25:42 AM,NA,LPAIDSP.HT.1.5-00403-BALSAM-1
4306099,"[FR104867][Kaanapali][VoiceCallTranslation][MDF]The RX translation would not work after enable/disable ""mute the other phone""(100%)",High,Bug,InProgress,jialinl,wjiang,9/29/2025 7:25:42 AM,NA,LPAIDSP.HT.1.5.1-00072-BALSAM-1
4306099,"[FR104867][Kaanapali][VoiceCallTranslation][MDF]The RX translation would not work after enable/disable ""mute the other phone""(100%)",High,Bug,InProgress,jialinl,wjiang,9/29/2025 7:25:42 AM,NA,LPAIDSP.HT.1.5.c1-00192-BALSAM-1
4306099,"[FR104867][Kaanapali][VoiceCallTranslation][MDF]The RX translation would not work after enable/disable ""mute the other phone""(100%)",High,Bug,InProgress,jialinl,wjiang,9/29/2025 7:25:42 AM,NA,MPSS.CYSP.1.0-00265-AMBOSELI_GENEXCITONVP_TEST-1
4317238,[FR109395][Kaanapali][SDSample] Start and end time are the same in SDZ output,Medium,Bug,InProgress,haiyxiao,yongfeiz,10/13/2025 1:58:13 AM,NA,NA
4317775,[QPM Release][Kailua][TTS]TTS app would playback tts voice when click save audio button(70%),Medium,Bug,InProgress,jialinl,feisun,10/13/2025 8:22:55 AM,NA,NA
4320026,[ASR QPM release]updated whisper notebook to support setting audio processing length of the model,Medium,Bug,InProgress,mincyao,jianzz,10/14/2025 3:21:06 AM,NA,NA
4320033,FR104867 Voice Call Translation Phase 1: Rx and/or Tx text recording and save to a file,NA,Internal,InProgress,mincyao,feisun,10/14/2025 3:23:49 AM,NA,NA
4320033,FR104867 Voice Call Translation Phase 1: Rx and/or Tx text recording and save to a file,NA,Internal,InProgress,mincyao,feisun,10/14/2025 3:23:49 AM,NA,LA.QSSI.17.0-12902-qssi.1-7
4320033,FR104867 Voice Call Translation Phase 1: Rx and/or Tx text recording and save to a file,NA,Internal,InProgress,mincyao,feisun,10/14/2025 3:23:49 AM,NA,LA.QXSI.16.0-17000-qssi.1-1
4320033,FR104867 Voice Call Translation Phase 1: Rx and/or Tx text recording and save to a file,NA,Internal,InProgress,mincyao,feisun,10/14/2025 3:23:49 AM,NA,LA.QSSI.16.0-32900-qssi.1-1
4320033,FR104867 Voice Call Translation Phase 1: Rx and/or Tx text recording and save to a file,NA,Internal,InProgress,mincyao,feisun,10/14/2025 3:23:49 AM,NA,LA.QISI.16.0-09100-qssi.1-1
4320033,FR104867 Voice Call Translation Phase 1: Rx and/or Tx text recording and save to a file,NA,Internal,InProgress,mincyao,feisun,10/14/2025 3:23:49 AM,NA,LA.QISI.17.0-00600-qssi.1-1
4322209,[FR109395][Kaanapali][SDSample] QNN SDK download link incorrect in readme of notebook,Medium,Bug,InProgress,haiyxiao,yongfeiz,10/15/2025 3:49:37 AM,NA,NA
4322548,[FR109533][Kaanapali][Buffer Recording]History buffer recording would stop immeaditely when 2nd event(100%),High,Bug,InProgress,jialinl,yidongh,10/15/2025 7:03:07 AM,NA,NA
4322548,[FR109533][Kaanapali][Buffer Recording]History buffer recording would stop immeaditely when 2nd event(100%),High,Bug,InProgress,jialinl,yidongh,10/15/2025 7:03:07 AM,NA,AUDIO_HANDSET.LA.11.0-11400-aldabra.1-1
4322548,[FR109533][Kaanapali][Buffer Recording]History buffer recording would stop immeaditely when 2nd event(100%),High,Bug,InProgress,jialinl,yidongh,10/15/2025 7:03:07 AM,NA,COMPUTE.AL.1.0-00302-hamoa.1.CONSOLIDATED-1
4322548,[FR109533][Kaanapali][Buffer Recording]History buffer recording would stop immeaditely when 2nd event(100%),High,Bug,InProgress,jialinl,yidongh,10/15/2025 7:03:07 AM,NA,AUDIO_HANDSET.LA.12.0-04200-hawi.1.CONSOLIDATED-1
4322548,[FR109533][Kaanapali][Buffer Recording]History buffer recording would stop immeaditely when 2nd event(100%),High,Bug,InProgress,jialinl,yidongh,10/15/2025 7:03:07 AM,NA,AUDIO_IOT.LNX.1.0-02900-kaanapali.1-1
4325746,[FR109395][Kaanapali][SDSample] Native heap memory leak in real time mode during perf testing,Medium,Bug,Analysis,haiyxiao,yongfeiz,10/17/2025 8:05:08 AM,NA,NA
4326927,[FR113020][Molokai][VoipCallTranslation]Neither TX/RX side can hear the sound of translation(100%),High,Bug,Duplicate,jialinl,pavanisr,10/20/2025 7:10:37 AM,4298431,NA
4326985,[FR112583][LE][TTS]README Update: Correct QNN SDK Filename & Adjust Extraction Sequence​,Medium,Bug,InProgress,yaqih,yongfeiz,10/20/2025 8:35:54 AM,NA,NA
4326986,[QPM][TTS][v1.1.0.0 Beta1][LE] lib path does not match readme,Medium,Bug,InProgress,haiyxiao,feisun,10/20/2025 8:37:30 AM,NA,NA
4329238,[QACT8.x][RWS | case#08129701 | SA522M] SGKV does not display volume level menu,Medium,Bug,Closed,jialinl,aboppay,10/22/2025 9:09:48 AM,NA,QACT.WIN.8.3-00241-QACT-1
4329238,[QACT8.x][RWS | case#08129701 | SA522M] SGKV does not display volume level menu,Medium,Bug,Closed,jialinl,aboppay,10/22/2025 9:09:48 AM,NA,QACT.WIN.8.0-00455-QACT-1
4331761,FR112894:Whisper Large Turbo for WoS,NA,Requirement,InProgress,haiyxiao,kuifzhu,10/24/2025 7:54:46 AM,NA,NA
4331840,[QACT8.3]Latency optimization for diff/merge open and comparing file ,NA,Internal,Analysis,jialinl,aboppay,10/24/2025 8:56:55 AM,NA,NA
4333760,Delete QVA extensions on Kaanapali and Hawi,Medium,Bug,Closed,yaqih,ruocxu,10/27/2025 10:15:03 AM,NA,NA
4333760,Delete QVA extensions on Kaanapali and Hawi,Medium,Bug,Closed,yaqih,ruocxu,10/27/2025 10:15:03 AM,NA,LA.VENDOR.16.2.6-01402-kaanapali.1.CONSOLIDATED-1
4333760,Delete QVA extensions on Kaanapali and Hawi,Medium,Bug,Closed,yaqih,ruocxu,10/27/2025 10:15:03 AM,NA,LA.VENDOR.17.6.0-10800-kaanapali.1.CONSOLIDATED-1
4333760,Delete QVA extensions on Kaanapali and Hawi,Medium,Bug,Closed,yaqih,ruocxu,10/27/2025 10:15:03 AM,NA,LA.VENDOR.16.2.1-16802-LAHAINA.1.CONSOLIDATED-1
4333760,Delete QVA extensions on Kaanapali and Hawi,Medium,Bug,Closed,yaqih,ruocxu,10/27/2025 10:15:03 AM,NA,LA.VENDOR.16.2.0-50902-kaanapali.1.CONSOLIDATED-2
4339064,[FR105833][Glymur][HP] Assistant will be detected during enrollment,Low,Bug,Open,haiyxiao,haozh,10/31/2025 6:28:23 AM,NA,NA
4339069,[FR105833][Glymur][HP] The enrolled model folder still exists after deleting the model,Low,Bug,InProgress,haiyxiao,haozh,10/31/2025 6:30:19 AM,NA,NA
4339069,[FR105833][Glymur][HP] The enrolled model folder still exists after deleting the model,Low,Bug,InProgress,haiyxiao,haozh,10/31/2025 6:30:19 AM,NA,APSS.WP_GL.1.0-06004-SC8480XAAASFNWAA-1
4339075,"[FR105833][Glymur]​​False Trigger with Phonetically Similar ""Hey HG""",Medium,Bug,Analysis,yaqih,xianwenw,10/31/2025 6:33:10 AM,NA,NA
4339078,[FR105833][Glymur][HP] The enrolled model still exists after deleting the model folder under VoiceAssistantDriver,Low,Bug,Open,haiyxiao,haozh,10/31/2025 6:34:28 AM,NA,NA
4339082,[FR105833][Glymur][HP] Selecting a user ID is not supported when removing enrolled profile,Low,Bug,Open,haiyxiao,haozh,10/31/2025 6:36:27 AM,NA,NA
4339117,[FR105833][Glymur]Unauthorized wake-up success with user 4 voice when targeting user 2.,Medium,Bug,InProgress,yaqih,jinzhang,10/31/2025 6:52:14 AM,NA,NA
4339129,[FR105833][Glymur]Incorrect wake-up behavior: user unable to wake their own enrolled model​,Medium,Bug,Analysis,yaqih,xianwenw,10/31/2025 6:58:32 AM,NA,NA
4339140,[FR105833][Glymur]Language support: US English (only),Medium,Bug,Open,yaqih,xianwenw,10/31/2025 7:02:59 AM,NA,NA
4339298,"[FR113020][Molokai][VoipCallTranslation]RX still playback the person voice when enable ""mute the other person"" function(100%)",Medium,Bug,InProgress,jialinl,shikmath,10/31/2025 8:44:17 AM,NA,NA
4339298,"[FR113020][Molokai][VoipCallTranslation]RX still playback the person voice when enable ""mute the other person"" function(100%)",Medium,Bug,InProgress,jialinl,shikmath,10/31/2025 8:44:17 AM,NA,AUDIO_HANDSET.LA.11.0-12300-pakala.1-1
4339298,"[FR113020][Molokai][VoipCallTranslation]RX still playback the person voice when enable ""mute the other person"" function(100%)",Medium,Bug,InProgress,jialinl,shikmath,10/31/2025 8:44:17 AM,NA,AUDIO_HANDSET.LA.12.0-05300-hawi.1.PERF-1
4339298,"[FR113020][Molokai][VoipCallTranslation]RX still playback the person voice when enable ""mute the other person"" function(100%)",Medium,Bug,InProgress,jialinl,shikmath,10/31/2025 8:44:17 AM,NA,LA.VENDOR.16.2.3.r1-02300-DIVAR.1-1
4339298,"[FR113020][Molokai][VoipCallTranslation]RX still playback the person voice when enable ""mute the other person"" function(100%)",Medium,Bug,InProgress,jialinl,shikmath,10/31/2025 8:44:17 AM,NA,LA.VENDOR.16.2.3-25116-DIVAR.1.CONSOLIDATED-1
4339303,[FR113020][Molokai][VoipCallTranslation]RX translation tts voice volume is much lower when using speaker mode,Medium,Bug,CannotDuplicate,jialinl,pavanisr,10/31/2025 8:46:20 AM,NA,NA
4342378,[FR109533][Kaanapali][Buffer Recording]History buffer app would get crash with long time recording(100%),Medium,Bug,Closed,jialinl,ruocxu,11/4/2025 8:08:33 AM,NA,LA.QISI.16.0-10000-qssi.1-1
4342378,[FR109533][Kaanapali][Buffer Recording]History buffer app would get crash with long time recording(100%),Medium,Bug,Closed,jialinl,ruocxu,11/4/2025 8:08:33 AM,NA,LA.QSSI.16.0-34600-qssi.1-1
4342378,[FR109533][Kaanapali][Buffer Recording]History buffer app would get crash with long time recording(100%),Medium,Bug,Closed,jialinl,ruocxu,11/4/2025 8:08:33 AM,NA,LA.QXSI.16.0-18200-qssi.1-1
4342378,[FR109533][Kaanapali][Buffer Recording]History buffer app would get crash with long time recording(100%),Medium,Bug,Closed,jialinl,ruocxu,11/4/2025 8:08:33 AM,NA,NA
4342378,[FR109533][Kaanapali][Buffer Recording]History buffer app would get crash with long time recording(100%),Medium,Bug,Closed,jialinl,ruocxu,11/4/2025 8:08:33 AM,NA,LA.QSSI.17.0-15902-qssi.1-1
4343937,[FR103071][Kaanapali][SDZ]No speaker label during 2 hours speech with dynamic mode(30%),Medium,Bug,InProgress,jialinl,raddala,11/5/2025 8:50:00 AM,NA,LPAIDSP.HT.1.5-00447-BALSAM-1
4343937,[FR103071][Kaanapali][SDZ]No speaker label during 2 hours speech with dynamic mode(30%),Medium,Bug,InProgress,jialinl,raddala,11/5/2025 8:50:00 AM,NA,MPSS.KI.1.0-01941-AMBOSELI_GEN_TEST-1
4343937,[FR103071][Kaanapali][SDZ]No speaker label during 2 hours speech with dynamic mode(30%),Medium,Bug,InProgress,jialinl,raddala,11/5/2025 8:50:00 AM,NA,NA
4343937,[FR103071][Kaanapali][SDZ]No speaker label during 2 hours speech with dynamic mode(30%),Medium,Bug,InProgress,jialinl,raddala,11/5/2025 8:50:00 AM,NA,LPAIDSP.HT.1.5.1-00079-BALSAM-1
4343937,[FR103071][Kaanapali][SDZ]No speaker label during 2 hours speech with dynamic mode(30%),Medium,Bug,InProgress,jialinl,raddala,11/5/2025 8:50:00 AM,NA,LPAIDSP.HT.1.5.c1-00238-BALSAM-1
4343937,[FR103071][Kaanapali][SDZ]No speaker label during 2 hours speech with dynamic mode(30%),Medium,Bug,InProgress,jialinl,raddala,11/5/2025 8:50:00 AM,NA,ADSP.VT.5.4.5-00108-ALDABRA-1
4343937,[FR103071][Kaanapali][SDZ]No speaker label during 2 hours speech with dynamic mode(30%),Medium,Bug,InProgress,jialinl,raddala,11/5/2025 8:50:00 AM,NA,CDSP.HT.3.2-00828-KAANAPALI-1
4343937,[FR103071][Kaanapali][SDZ]No speaker label during 2 hours speech with dynamic mode(30%),Medium,Bug,InProgress,jialinl,raddala,11/5/2025 8:50:00 AM,NA,LPAIDSP.HT.1.2-01016-KAANAPALI-1
4343945,[FR113020][Molokai][VoipCallTranslation]The RX mute function will be disabled function after audioserver restart(100%),Medium,Bug,InProgress,jialinl,pavanisr,11/5/2025 8:55:28 AM,NA,LA.VENDOR.16.2.3.r1-02300-DIVAR.1-1
4343945,[FR113020][Molokai][VoipCallTranslation]The RX mute function will be disabled function after audioserver restart(100%),Medium,Bug,InProgress,jialinl,pavanisr,11/5/2025 8:55:28 AM,NA,AUDIO_HANDSET.LA.11.0-12300-pakala.1-1
4343945,[FR113020][Molokai][VoipCallTranslation]The RX mute function will be disabled function after audioserver restart(100%),Medium,Bug,InProgress,jialinl,pavanisr,11/5/2025 8:55:28 AM,NA,AUDIO_HANDSET.LA.12.0-05300-hawi.1.PERF-1
4343945,[FR113020][Molokai][VoipCallTranslation]The RX mute function will be disabled function after audioserver restart(100%),Medium,Bug,InProgress,jialinl,pavanisr,11/5/2025 8:55:28 AM,NA,LA.VENDOR.16.2.3-25116-DIVAR.1.CONSOLIDATED-1
4343945,[FR113020][Molokai][VoipCallTranslation]The RX mute function will be disabled function after audioserver restart(100%),Medium,Bug,InProgress,jialinl,pavanisr,11/5/2025 8:55:28 AM,NA,NA
4344749,[FR105833][Glymur][HP]​​Cannot enable keyword(occurrence rate 10%),Medium,Bug,InProgress,yaqih,haozh,11/6/2025 1:20:27 AM,NA,NA
4344749,[FR105833][Glymur][HP]​​Cannot enable keyword(occurrence rate 10%),Medium,Bug,InProgress,yaqih,haozh,11/6/2025 1:20:27 AM,NA,APSS.WP_GL.1.0-06004-SC8480XAAASFNWAA-1
4344862,[FR104867][Kaanapali][VoiceCallTranslation][MDF]The RX would not work using speaker mode(100%),Medium,Bug,Duplicate,jialinl,wjiang,11/6/2025 4:22:56 AM,4306099,NA
4346511,[FR112951][QPM][Translation][1.1.0.0_beta2] Update the QNN link for customer to select,Medium,Bug,InProgress,haiyxiao,jianzz,11/7/2025 6:15:02 AM,NA,NA
4346518,[FR112951][QPM][Translation][1.1.0.0_beta2] Update dsp_arch to v75 in notebook,Medium,Bug,Duplicate,haiyxiao,jianzz,11/7/2025 6:16:52 AM,4346511,NA
4346522,[FR112951][QPM][Translation][1.1.0.0_beta2] Update backend_file_name in notebook,Medium,Bug,Duplicate,haiyxiao,jianzz,11/7/2025 6:17:43 AM,4346511,NA
4349939,[FR113020][Molokai][VoipCallTranslation]Tx translation did not work when using bluetooth headset(100%),Medium,Bug,InProgress,jialinl,shikmath,11/11/2025 9:18:44 AM,NA,AUDIO_HANDSET.LA.11.0-12300-pakala.1-1
4349939,[FR113020][Molokai][VoipCallTranslation]Tx translation did not work when using bluetooth headset(100%),Medium,Bug,InProgress,jialinl,shikmath,11/11/2025 9:18:44 AM,NA,NA
4350650, [QPM][ASR][2.3.0.0] Typo in the chipset model listed in the readme file.,Medium,Bug,InProgress,haiyxiao,dunhye,11/12/2025 2:09:43 AM,NA,NA
4350656, [FR114812] No Aurora XR chipset choice reference in readme file,Medium,Bug,Withdrawn,haiyxiao,dunhye,11/12/2025 2:13:25 AM,NA,NA
4350658, [FR114812] NO android export path reference in build_android_arm64.sh,Medium,Bug,InProgress,haiyxiao,dunhye,11/12/2025 2:16:31 AM,NA,NA
4351052,Whisper upgrade QNN version to 2.40.0,Medium,Bug,InProgress,haiyxiao,kuifzhu,11/12/2025 7:03:01 AM,NA,NA
4352843,[FR113020][Molokai][VoipCallTranslation]No floating window pop out if make call first and then enable translation function(100%),Medium,Bug,Analysis,jialinl,feisun,11/13/2025 11:39:30 AM,NA,NA
4352846,[FR113020][Molokai][VoipCallTranslation]Translation languages should not be same,Medium,Bug,Analysis,jialinl,feisun,11/13/2025 11:41:18 AM,NA,NA
4353569, [FR114812] Updated app running instruction steps in readme of sample app,Medium,Bug,InProgress,haiyxiao,dunhye,11/14/2025 6:09:51 AM,NA,NA
4353575, [FR114812] Fix segmentation fault in the sample app,Medium,Bug,Withdrawn,haiyxiao,dunhye,11/14/2025 6:14:24 AM,NA,NA
4356429,FR111344: Support for QNN based DNN-VAD on CPU,NA,Requirement,InProgress,haiyxiao,jianzz,11/18/2025 3:51:13 AM,NA,NA
4359342,[FR105833][Glymur][HP]​​The detection time becomes longer(5s -> 20s) after the app is woken up on the Meta4050.,Medium,Bug,InProgress,yaqih,junjiez,11/20/2025 2:51:41 AM,NA,APSS.WP_GL.1.0-06011-SC8480XAAACQLWAA-1
4359342,[FR105833][Glymur][HP]​​The detection time becomes longer(5s -> 20s) after the app is woken up on the Meta4050.,Medium,Bug,InProgress,yaqih,junjiez,11/20/2025 2:51:41 AM,NA,NA
4359835,[FR113020][Molokai][VoipCallTranslation]Tx translation did not work when using usbc headset(100%),Medium,Bug,Analysis,jialinl,shiana,11/20/2025 7:23:20 AM,NA,NA
4361348,Using buffer OP on v68 machine,Medium,Bug,Analysis,mincyao,pleung,11/21/2025 7:48:50 AM,NA,NA
4365856, [FR109395][Kaanapali]Music playback will go into recording process for barge in usecase (1/20),Medium,Bug,Analysis,mincyao,ngaja,11/26/2025 9:28:53 AM,NA,NA
4365891,[FR103071][Kaanapali][SDZ]The output asr content is repetitive even only play speech once under dynamic mode,Medium,Bug,Closed,jialinl,vathota,11/26/2025 9:45:36 AM,NA,LA.QSSI.17.0-20000-qssi.1-3
4365891,[FR103071][Kaanapali][SDZ]The output asr content is repetitive even only play speech once under dynamic mode,Medium,Bug,Closed,jialinl,vathota,11/26/2025 9:45:36 AM,NA,NA
4365891,[FR103071][Kaanapali][SDZ]The output asr content is repetitive even only play speech once under dynamic mode,Medium,Bug,Closed,jialinl,vathota,11/26/2025 9:45:36 AM,NA,LA.QSSI.16.0-38300-qssi.1-1
4366695,[FR113020][Molokai][VoipCallTranslation]Usecase app got crash when translation long speech on TX,Medium,Bug,Analysis,jialinl,feisun,11/27/2025 4:49:02 AM,NA,NA
4368879,[FR105833][Glymur][HP] number of times of detection didn't match with the number of PCM records,Medium,Bug,InProgress,haiyxiao,haozh,12/1/2025 2:36:55 AM,NA,APSS.WP_GL.1.0-06011-SC8480XAAACQLWAA-1
4368879,[FR105833][Glymur][HP] number of times of detection didn't match with the number of PCM records,Medium,Bug,InProgress,haiyxiao,haozh,12/1/2025 2:36:55 AM,NA,NA
4370662,FW: [OPPO][SM7635][OP_AA613][case#08222606] Audio leakage issue due to PAL switched device to PAL_DEVICE_OUT_SPEAKER  from PAL_DEVICE_NONE’ ,Medium,Bug,Duplicate,mincyao,lchaluva,12/2/2025 7:59:31 AM,3920204,NA
4372300,[FR111344] Add a path reference into bash file,Medium,Bug,Open,haiyxiao,jianzz,12/3/2025 10:19:56 AM,NA,NA
4373663,[FR104867][Kaanapali][VoiceCallTranslation][MDF]No sound on RX when turn on speaker mode using the acdb which fix echo issue (100%),High,Bug,Duplicate,jialinl,shikmath,12/4/2025 10:10:39 AM,4382065,NA
4374356,RE: [Asus_Glymur_WOS]Request support - voice ai sample app crash after removing UI ,Medium,Bug,Withdrawn,mincyao,dunhye,12/5/2025 3:00:41 AM,NA,NA
4375631,[FR104867][Kaanapali][VoiceCallTranslation][MDF]Floating window could not pop out if make call first then enable translation,Medium,Bug,InProgress,jialinl,feisun,12/6/2025 3:01:03 PM,NA,LA.QSSI.16.0-38300-qssi.1-1
4375631,[FR104867][Kaanapali][VoiceCallTranslation][MDF]Floating window could not pop out if make call first then enable translation,Medium,Bug,InProgress,jialinl,feisun,12/6/2025 3:01:03 PM,NA,LA.QISI.16.0-14600-qssi.1-1
4375631,[FR104867][Kaanapali][VoiceCallTranslation][MDF]Floating window could not pop out if make call first then enable translation,Medium,Bug,InProgress,jialinl,feisun,12/6/2025 3:01:03 PM,NA,LA.QXSI.16.0-20600-qssi.1-1
4375631,[FR104867][Kaanapali][VoiceCallTranslation][MDF]Floating window could not pop out if make call first then enable translation,Medium,Bug,InProgress,jialinl,feisun,12/6/2025 3:01:03 PM,NA,NA
4375631,[FR104867][Kaanapali][VoiceCallTranslation][MDF]Floating window could not pop out if make call first then enable translation,Medium,Bug,InProgress,jialinl,feisun,12/6/2025 3:01:03 PM,NA,LA.QSSI.17.0-20700-qssi.1-1
4382065,[FR104867][Kaanapali][VoiceCallTranslation][MDF]No sound on RX translation tts voice using the acdb which fix echo issue (100%),High,Bug,InProgress,jialinl,kunleiz,12/15/2025 7:53:45 AM,NA,AUDIO_HANDSET.LA.11.0-12300-pakala.1-1
4382065,[FR104867][Kaanapali][VoiceCallTranslation][MDF]No sound on RX translation tts voice using the acdb which fix echo issue (100%),High,Bug,InProgress,jialinl,kunleiz,12/15/2025 7:53:45 AM,NA,NA
4382065,[FR104867][Kaanapali][VoiceCallTranslation][MDF]No sound on RX translation tts voice using the acdb which fix echo issue (100%),High,Bug,InProgress,jialinl,kunleiz,12/15/2025 7:53:45 AM,NA,AUDIO_HANDSET.LA.12.0-04200-hawi.1.CONSOLIDATED-1
4382065,[FR104867][Kaanapali][VoiceCallTranslation][MDF]No sound on RX translation tts voice using the acdb which fix echo issue (100%),High,Bug,InProgress,jialinl,kunleiz,12/15/2025 7:53:45 AM,NA,AUDIO_IOT.LNX.1.0-02100-kaanapali.1-1
4382123,[FR115315]Life Logger: Phase 0 Deliverables,NA,Requirement,InProgress,mincyao,xinche,12/15/2025 8:38:05 AM,NA,NA
4382612,[FR115315][Life Logger][Phase 0] Session Hangover configure UI prompt for filling in range,Medium,Bug,Closed,haiyxiao,ruocxu,12/15/2025 3:04:17 PM,NA,LA.QSSI.17.0-20400-qssi.1-1
4382612,[FR115315][Life Logger][Phase 0] Session Hangover configure UI prompt for filling in range,Medium,Bug,Closed,haiyxiao,ruocxu,12/15/2025 3:04:17 PM,NA,NA
4382616,[FR115315][Life Logger][Phase 0] Daily timeline should start from today,Medium,Bug,InProgress,haiyxiao,qihexu,12/15/2025 3:20:12 PM,NA,LA.QSSI.17.0-20000-qssi.1-3
4382616,[FR115315][Life Logger][Phase 0] Daily timeline should start from today,Medium,Bug,InProgress,haiyxiao,qihexu,12/15/2025 3:20:12 PM,NA,NA
4382632,[FR115315][Life Logger][Phase 0] Daily timeline timestamps did not match with the time of the device,Medium,Bug,Closed,haiyxiao,ruocxu,12/15/2025 3:54:48 PM,NA,NA
4382632,[FR115315][Life Logger][Phase 0] Daily timeline timestamps did not match with the time of the device,Medium,Bug,Closed,haiyxiao,ruocxu,12/15/2025 3:54:48 PM,NA,LA.QSSI.17.0-20400-qssi.1-1
4383477,[OPPO][SM6450][case#08262581] https://review-android.quicinc.com/c/platform/vendor/qcom/opensource/arpal-lx/+/5737068/29/Pal.cpp is incorrect,Medium,Bug,InProgress,mincyao,nbandi,12/16/2025 9:14:05 AM,NA,NA
4384489,[FR115315][Life Logger][Phase 0] Device is overheating severely when processing file with long duration,High,Bug,Closed,jialinl,yongfeiz,12/17/2025 4:44:17 AM,NA,NA
4384489,[FR115315][Life Logger][Phase 0] Device is overheating severely when processing file with long duration,High,Bug,Closed,jialinl,yongfeiz,12/17/2025 4:44:17 AM,NA,LA.QSSI.17.0-20000-qssi.1-3
4384612,The source code for the VoiceAssistant app release on Glymur is partially missing.,Medium,Bug,InProgress,yaqih,jinzhang,12/17/2025 6:13:03 AM,NA,NA
4384612,The source code for the VoiceAssistant app release on Glymur is partially missing.,Medium,Bug,InProgress,yaqih,jinzhang,12/17/2025 6:13:03 AM,NA,APSS.WP_GL.1.0-06022-SC8480XAAACQLWAA-1
4385445,[FR115315][Life Logger][Phase 0] File base test with 3hours audio file will get stuck in the processing 100%,Medium,Bug,InProgress,haiyxiao,yongfeiz,12/17/2025 2:46:06 PM,NA,NA
4385445,[FR115315][Life Logger][Phase 0] File base test with 3hours audio file will get stuck in the processing 100%,Medium,Bug,InProgress,haiyxiao,yongfeiz,12/17/2025 2:46:06 PM,NA,LA.QSSI.17.0-20000-qssi.1-3
4385944,"[FR115315][Life Logger][Phase 0] Filebase plays a 3-hour long file, with lost initial audio and noise interference",Medium,Bug,Closed,mincyao,ruocxu,12/18/2025 5:02:39 AM,NA,LA.QSSI.17.0-20400-qssi.1-1
4385953,[FR115315][Life Logger][Phase 0][UI design]The timestamp displayed on the UI is accurate to seconds,Medium,Bug,Closed,mincyao,qihexu,12/18/2025 5:05:37 AM,NA,LA.QSSI.17.0-20400-qssi.1-1
4385969,[FR115315][Life Logger][Phase 0] the timeline insight should always show the last session by default when we get into the insight 100%,Medium,Bug,Closed,mincyao,qihexu,12/18/2025 5:10:18 AM,NA,LA.QSSI.17.0-20400-qssi.1-1
4385975,"[FR115315][Life Logger][Phase 0] ""sample test"" display in UI （70%）",Medium,Bug,Closed,mincyao,qihexu,12/18/2025 5:12:34 AM,NA,LA.QSSI.17.0-20400-qssi.1-1
4385993,[FR115315][Life Logger][Phase 0] The life logger function cannot be restored after kill 'com. qualcomm. qti. voiceai. Speech' 50%,Medium,Bug,Open,mincyao,ruocxu,12/18/2025 5:19:28 AM,NA,NA
4385999,[FR115315][Life Logger][Phase 0] SDB has low accuracy with Short 30-40 seconds audio file.,Medium,Bug,Open,mincyao,huiwa,12/18/2025 5:22:10 AM,NA,NA
4386009,[FR115315][Kaanapali] Live recording sometimes cannot generate sessions （1/7） or the content is incomplete（6/7）,Medium,Bug,Closed,mincyao,ruocxu,12/18/2025 5:24:20 AM,NA,LA.QSSI.17.0-20400-qssi.1-1
4386118,[FR115315][Life Logger][Phase 0] The pcmdump file has additional spikes at the beginning using file mode(100%),Medium,Bug,Closed,jialinl,ruocxu,12/18/2025 6:19:40 AM,NA,LA.QSSI.17.0-20400-qssi.1-1
4386359,[FR115315][Life Logger][Phase 0] The processing is much slower when turn off screen,Low,Bug,Closed,jialinl,yongfeiz,12/18/2025 8:34:53 AM,NA,LA.QSSI.17.0-20000-qssi.1-3
4386363,[FR115315][Life Logger][Phase 0] The display colors of two adjacent conversations are too close,Low,Bug,Closed,jialinl,qihexu,12/18/2025 8:36:52 AM,NA,LA.QSSI.17.0-20400-qssi.1-1
4387209,[FR115315][Life Logger][Phase 0] The transcription result is saved in JSON but not displayed on the UI （50%）,Medium,Bug,InProgress,haiyxiao,qihexu,12/19/2025 1:05:46 AM,NA,NA
4387209,[FR115315][Life Logger][Phase 0] The transcription result is saved in JSON but not displayed on the UI （50%）,Medium,Bug,InProgress,haiyxiao,qihexu,12/19/2025 1:05:46 AM,NA,LA.QSSI.17.0-20400-qssi.1-1
4387210,[FR115315][Life Logger][Phase 0] There are Tombstones when enable/disable life logger button stress test (3/300),Medium,Bug,Open,haiyxiao,ruocxu,12/19/2025 1:07:22 AM,NA,NA
4387246,[QPM_Release][Glymur][Whisper]Whisper app would get crash if choose filebase transcription before last file transcription finished(100%),Medium,Bug,InProgress,jialinl,dunhye,12/19/2025 2:21:33 AM,NA,NA
4387558,[ASUS][Glymur]FR115907:Voice AI sample app log with timestamp,NA,Requirement,InProgress,yaqih,dunhye,12/19/2025 6:47:42 AM,NA,NA
4387577,FR111092:ASR supports ARM64X on ARM device with Windows,NA,Requirement,InProgress,yaqih,dunhye,12/19/2025 6:58:17 AM,NA,NA
4387700,"QNN based DNN-VAD to replace eAI one. Developing (cc:12/26,L0:01/09,L2/L4:1/28, QPM release:01/30)",NA,Requirement,InProgress,yaqih,dunhye,12/19/2025 8:36:43 AM,NA,NA
4387712,[Kaanapali]Music playback shows distortion in 1531 log,Medium,Bug,Duplicate,mincyao,ritushar,12/19/2025 8:41:42 AM,4372142,NA
4387757,[FR104867-L4][Kaanapali][VoiceCallTranslation][MDF]No sound on RX translation tts voice when using usbc headset(100%),High,Bug,InProgress,jialinl,kunleiz,12/19/2025 9:08:50 AM,NA,NA
4387757,[FR104867-L4][Kaanapali][VoiceCallTranslation][MDF]No sound on RX translation tts voice when using usbc headset(100%),High,Bug,InProgress,jialinl,kunleiz,12/19/2025 9:08:50 AM,NA,AUDIO_IOT.LNX.1.0-02100-kaanapali.1-1
4387757,[FR104867-L4][Kaanapali][VoiceCallTranslation][MDF]No sound on RX translation tts voice when using usbc headset(100%),High,Bug,InProgress,jialinl,kunleiz,12/19/2025 9:08:50 AM,NA,AUDIO_HANDSET.LA.11.0-12300-pakala.1-1
4387757,[FR104867-L4][Kaanapali][VoiceCallTranslation][MDF]No sound on RX translation tts voice when using usbc headset(100%),High,Bug,InProgress,jialinl,kunleiz,12/19/2025 9:08:50 AM,NA,AUDIO_HANDSET.LA.12.0-04300-kaanapali.1.PERF-1
4389937,Melo TTS SDK for Quectel audio length info mismatch with real audio length,Medium,Bug,InProgress,haiyxiao,feisun,12/23/2025 4:43:48 AM,NA,NA
4390407,[FR115315][Life Logger][Phase 0] SDZ KPI results higher than pyannote results (DER=10.05>8.39 ),Medium,Bug,Closed,haiyxiao,yongfeiz,12/23/2025 9:22:31 AM,NA,LA.QSSI.17.0-20400-qssi.1-1
4392007,[FR104867-L4][Kaanapali][VoiceCallTranslation][MDF]Tx translation did not work using bluetooth headsets(100%),High,Bug,InProgress,jialinl,kunleiz,12/25/2025 8:17:08 AM,NA,NA
4392007,[FR104867-L4][Kaanapali][VoiceCallTranslation][MDF]Tx translation did not work using bluetooth headsets(100%),High,Bug,InProgress,jialinl,kunleiz,12/25/2025 8:17:08 AM,NA,AUDIO_HANDSET.LA.11.0-12800-pakala.1-1
4392706,[FR115315][Life Logger][Phase 0.2]The process would not stop if choose a silence wav,Medium,Bug,Closed,jialinl,yongfeiz,12/26/2025 11:38:27 AM,NA,LA.QSSI.17.0-20400-qssi.1-1
4393491,[FR104867-L4][Kaanapali][VoiceCallTranslation][MDF]No sound on RX path if switch usbc headphone from handset(100%),Medium,Bug,InProgress,jialinl,shikmath,12/29/2025 9:10:32 AM,NA,NA
4393491,[FR104867-L4][Kaanapali][VoiceCallTranslation][MDF]No sound on RX path if switch usbc headphone from handset(100%),Medium,Bug,InProgress,jialinl,shikmath,12/29/2025 9:10:32 AM,NA,AUDIO_HANDSET.LA.11.0-12800-pakala.1-1
4395896,[FR115315][Life Logger][Phase 0.2] Session Hangover input box is obscured by keyboard,Medium,Bug,Closed,haiyxiao,ruocxu,1/5/2026 2:22:20 AM,NA,LA.QSSI.17.0-20700-qssi.1-1
4395931,[FR115315][Life Logger][Phase 0.2]The timestamp is wrong after convert,Medium,Bug,Closed,jialinl,yongfeiz,1/5/2026 3:23:55 AM,NA,LA.QSSI.17.0-20400-qssi.1-1
4396091,[FR115920][QCM8550][TTS]The TTS app interface does not display a debug button,Medium,Bug,InProgress,yaqih,feisun,1/5/2026 6:08:18 AM,NA,NA
4396268,[FR115315]Life Logger: Phase 0 Deliverables - UI part,NA,Requirement,InProgress,mincyao,qihexu,1/5/2026 7:38:12 AM,NA,NA
4396310,[FR115315][Life Logger][Phase 0.2] provider native heap memory leak,Medium,Bug,Closed,haiyxiao,qihexu,1/5/2026 8:06:12 AM,NA,LA.QSSI.17.0-20700-qssi.1-1
4396343,[FR115315][Life Logger][Phase 0.2]Low recognition rate on owner UV,Medium,Bug,Closed,jialinl,junjiez,1/5/2026 8:35:02 AM,NA,LA.QSSI.17.0-20700-qssi.1-1
4396349,[FR115315][Life Logger][Phase 0.2]Life logger function did not work after stability test one night（once),Medium,Bug,Closed,jialinl,zhijsun,1/5/2026 8:37:34 AM,NA,LA.QSSI.17.0-20700-qssi.1-1
4396440,[FR115315][Life Logger][Phase 0.2]App UI did not display the new event after processed,High,Bug,Closed,jialinl,qihexu,1/5/2026 9:14:29 AM,NA,LA.QSSI.17.0-20700-qssi.1-1
4396627,[FR115315][Life Logger][Phase 0.2] life logger native heap memory leak,Medium,Bug,Closed,haiyxiao,ruocxu,1/5/2026 10:48:51 AM,NA,LA.QSSI.17.0-20700-qssi.1-1
4397085,[OPPO | case#08273086 | SM8845]​[QACT tool]possible mem leak for QACT tool,Medium,Bug,Closed,yaqih,nsimon,1/6/2026 1:42:00 AM,NA,QACT.WIN.8.3-00222-QACT-1
4397127,[FR104867-L4][Kaanapali][VoiceCallTranslation][MDF]RX translation Volume is too large in the usbc headset and cannot be lowered,High,Bug,InProgress,jialinl,shikmath,1/6/2026 2:34:45 AM,NA,NA
4397127,[FR104867-L4][Kaanapali][VoiceCallTranslation][MDF]RX translation Volume is too large in the usbc headset and cannot be lowered,High,Bug,InProgress,jialinl,shikmath,1/6/2026 2:34:45 AM,NA,AUDIO_HANDSET.LA.11.0-12900-pakala.1-1
4397129,[FR104867-L4][Kaanapali][VoiceCallTranslation][MDF]Device would get crash when triggering SSR during voice call translation (1/3),Medium,Bug,Analysis,jialinl,vaisgupt,1/6/2026 2:36:44 AM,NA,NA
4397133,[FR104867-L4][Kaanapali][VoiceCallTranslation][MDF]No sound on RX translation path using bluetooth headsets(100%),High,Bug,InProgress,jialinl,kunleiz,1/6/2026 2:41:23 AM,NA,NA
4397133,[FR104867-L4][Kaanapali][VoiceCallTranslation][MDF]No sound on RX translation path using bluetooth headsets(100%),High,Bug,InProgress,jialinl,kunleiz,1/6/2026 2:41:23 AM,NA,AUDIO_HANDSET.LA.12.0-05100-hawi.1.PERF-1
4397133,[FR104867-L4][Kaanapali][VoiceCallTranslation][MDF]No sound on RX translation path using bluetooth headsets(100%),High,Bug,InProgress,jialinl,kunleiz,1/6/2026 2:41:23 AM,NA,AUDIO_HANDSET.LA.11.0-12800-pakala.1-1
4397133,[FR104867-L4][Kaanapali][VoiceCallTranslation][MDF]No sound on RX translation path using bluetooth headsets(100%),High,Bug,InProgress,jialinl,kunleiz,1/6/2026 2:41:23 AM,NA,AUDIO_IOT.LNX.1.0-02500-kaanapali.1-1
4397223, [FR115315][Life Logger][Phase 0.2] QSS file based sdz result is not same with test bin result,Medium,Bug,Closed,haiyxiao,yongfeiz,1/6/2026 3:22:03 AM,NA,LA.QSSI.17.0-20400-qssi.1-1
4397748,[FR115315][Life Logger][Phase 0.2]Life logger app got crash during switch turn on/off stability test,Medium,Bug,Closed,jialinl,ruocxu,1/6/2026 7:52:43 AM,NA,LA.QSSI.17.0-20700-qssi.1-1
4397750,"[FR115315][Life Logger][Phase 0] When the LLE JSON file is missing, the UI does not display the original transcript.",Medium,Bug,Closed,mincyao,ruocxu,1/6/2026 7:53:37 AM,NA,LA.QSSI.17.0-20700-qssi.1-1
4397754,[FR115315][Life Logger][Phase 0.2]Life logger app could not get ASR result after enable function (Once),High,Bug,Closed,jialinl,ruocxu,1/6/2026 7:54:44 AM,NA,LA.QSSI.17.0-20700-qssi.1-1
4397757,"[FR115315][Life Logger][Phase 0] There is no ASR result output, after enable QAIOR Service",Medium,Bug,Analysis,mincyao,vipuverm,1/6/2026 7:56:21 AM,NA,NA
4399934,[FR115315][Life Logger][Phase 0.2]Lifelogger apk will automatically exit after disabling live recording(1/10)),Medium,Bug,Closed,mincyao,qihexu,1/8/2026 4:30:21 AM,NA,LA.QSSI.17.0-20700-qssi.1-1
4400203,"[FR115315][Life Logger][Phase 0.2]switch to the enrollment UI, a white flashing screen will appear after clear ""wakeup services"" app's data",Medium,Bug,Closed,mincyao,junjiez,1/8/2026 6:50:52 AM,NA,LA.QSSI.17.0-20700-qssi.1-1
4401265, [QPM][ASR][2.4.0.0][LE] Correct QNN version info to 2.40 in sample app readme file,Medium,Bug,Duplicate,haiyxiao,dunhye,1/9/2026 3:08:21 AM,4351052,NA
4401632,"[FR115315][Life Logger][Phase 0.2]The actual enrollment listening is too short, and it switches to the next sentence before each sentence is finished",Medium,Bug,Closed,mincyao,junjiez,1/9/2026 7:11:42 AM,NA,LA.QSSI.17.0-20700-qssi.1-1
4402914,[FR115315][Life Logger][Phase 0.2]No text output when using the retry/recall recording button to speak (3/20),Medium,Bug,Closed,mincyao,qihexu,1/12/2026 3:21:29 AM,NA,LA.QSSI.17.0-20700-qssi.1-1
4402922,[FR115315][Life Logger][Phase 0.2]Ower filter doesn't work,Medium,Bug,Closed,mincyao,qihexu,1/12/2026 3:29:15 AM,NA,LA.QSSI.17.0-20700-qssi.1-1
4403467,[FR115315][Life Logger][Phase 0.2]Life logger app could not get asr result during life logger recording stability test,High,Bug,Closed,jialinl,ruocxu,1/12/2026 8:40:23 AM,NA,LA.QSSI.17.0-20700-qssi.1-1
4403536,[FR115315][Life Logger][Phase 0.2] Replace the id when multi-ids are recognized as owner,Medium,Bug,Closed,jialinl,yongfeiz,1/12/2026 9:10:40 AM,NA,LA.QSSI.17.0-20700-qssi.1-1
4403652,[FR105833][Glymur][HP]​​The audio captured on Glymur is sped-up,Medium,Bug,CannotDuplicate,yaqih,tapadeep,1/12/2026 9:53:43 AM,NA,NA
4403769,[FR104867][Kaanapali][VoiceCallTranslation][MDF]The translation box will not automatically scroll to show the latest content,Medium,Bug,InProgress,jialinl,feisun,1/12/2026 10:32:35 AM,NA,NA
4403769,[FR104867][Kaanapali][VoiceCallTranslation][MDF]The translation box will not automatically scroll to show the latest content,Medium,Bug,InProgress,jialinl,feisun,1/12/2026 10:32:35 AM,NA,LA.QSSI.17.0-20700-qssi.1-1
4403769,[FR104867][Kaanapali][VoiceCallTranslation][MDF]The translation box will not automatically scroll to show the latest content,Medium,Bug,InProgress,jialinl,feisun,1/12/2026 10:32:35 AM,NA,LA.QXSI.16.0-21900-qssi.1-1
4403769,[FR104867][Kaanapali][VoiceCallTranslation][MDF]The translation box will not automatically scroll to show the latest content,Medium,Bug,InProgress,jialinl,feisun,1/12/2026 10:32:35 AM,NA,LA.QISI.16.0-15800-qssi.1-1
4403769,[FR104867][Kaanapali][VoiceCallTranslation][MDF]The translation box will not automatically scroll to show the latest content,Medium,Bug,InProgress,jialinl,feisun,1/12/2026 10:32:35 AM,NA,LA.QSSI.16.0-39300-qssi.1-1
4404577,[FR115315][Life Logger][Phase 0.2]Coversation Filter color will not recover when all filters are canceled,Medium,Bug,Closed,mincyao,qihexu,1/13/2026 3:26:51 AM,NA,LA.QSSI.17.0-20700-qssi.1-1
4404611,"[FR115315][Life Logger][Phase 0.2]UI display exception after right swipe from the ""timeline insight"" page to ""logger assistant""",Medium,Bug,Closed,mincyao,qihexu,1/13/2026 4:09:00 AM,NA,LA.QSSI.17.0-20700-qssi.1-1
4404673,[FR115315][Life Logger][Phase 0.2]App would never stop using mic and not process wav if disable life logger function before voicecall ended,Medium,Bug,Closed,jialinl,ruocxu,1/13/2026 5:06:09 AM,NA,LA.QSSI.17.0-20700-qssi.1-1
4404702,[FR115315][Life Logger][Phase 0.2]The ASR function of Recall/Retrieve did not work after life logger enabled,Medium,Bug,Closed,jialinl,qihexu,1/13/2026 5:24:36 AM,NA,LA.QSSI.17.0-20700-qssi.1-1
4404708,[FR115315][Life Logger][Phase 0.2]Device got crash(ADSP) when using batch mode(Once),High,Bug,Withdrawn,jialinl,vipuverm,1/13/2026 5:27:47 AM,NA,NA
4404882,[FR115315][Life Logger][Phase 0.2]  Extra white square in bottom-left of Timeline Insight,Medium,Bug,Closed,haiyxiao,qihexu,1/13/2026 6:24:14 AM,NA,LA.QSSI.17.0-21002-qssi.1-142
4405280,[FR115315][Life Logger][Phase 0.2] Switching between different dates in the Timeline Insights page is too slow,Medium,Bug,Closed,haiyxiao,qihexu,1/13/2026 9:46:38 AM,NA,LA.QSSI.17.0-20900-qssi.1-1
4405305,FR115920 Supports immediate synthesis termination and query state API in MeloTTS SDK C++ layer,NA,Requirement,InProgress,yaqih,feisun,1/13/2026 9:56:32 AM,NA,NA
4405978,[FR115315][Life Logger][P0.2][Beta2] The WAV file header was not skipped during file enrollment,Medium,Bug,Closed,yaqih,junjiez,1/14/2026 1:43:05 AM,NA,LA.QSSI.17.0-20700-qssi.1-1
4407325,[FR115315][Life Logger][Phase 0.2]Life logger app memory leak when a large number of batch mode processing,Medium,Bug,Closed,jialinl,ruocxu,1/15/2026 1:53:59 AM,NA,LA.QSSI.17.0-20700-qssi.1-1
4407347,[FR105833][Glymur][HP]Model Generation Failure After Repeated Enrollment/Deletion Cycles in Wake-up Stability Test,Medium,Bug,Analysis,yaqih,haozh,1/15/2026 2:21:33 AM,NA,NA
4407421,[FR115315][Life Logger][Phase 0.2]Owner filter not effective after using conversation filter,Medium,Bug,Closed,mincyao,zhijsun,1/15/2026 4:46:49 AM,NA,LA.QSSI.17.0-20900-qssi.1-1
4407423,[FR115315][Life Logger][Phase0.2][Beta3][Kaanapali] Timeline mark not updated on the next day when conversation session is over midnight,Medium,Bug,Closed,yaqih,qihexu,1/15/2026 4:52:38 AM,NA,LA.QSSI.17.0-20900-qssi.1-1
4407561,[FR115315][Life Logger][P0.2][Beta2] Life Logger Java leak when loop enter-exit timeline,Medium,Bug,Closed,haiyxiao,qihexu,1/15/2026 8:42:41 AM,NA,LA.QSSI.17.0-20900-qssi.1-1
4408037,[FR103071][Kaanapali][SDZ]The output asr content is repetitive even only play speech once under dynamic mode,High,Bug,Analysis,jialinl,pbarman,1/16/2026 2:38:13 AM,NA,NA
4408041,[FR104867][Kaanapali][VoiceCallTranslation][MDF]Floating window could not pop out if make call first then enable translation,Low,Bug,InProgress,jialinl,feisun,1/16/2026 2:43:38 AM,NA,LA.QSSI.16.0-40200-qssi.1-1
4408041,[FR104867][Kaanapali][VoiceCallTranslation][MDF]Floating window could not pop out if make call first then enable translation,Low,Bug,InProgress,jialinl,feisun,1/16/2026 2:43:38 AM,NA,NA
4408041,[FR104867][Kaanapali][VoiceCallTranslation][MDF]Floating window could not pop out if make call first then enable translation,Low,Bug,InProgress,jialinl,feisun,1/16/2026 2:43:38 AM,NA,LA.QISI.16.0-17200-qssi.1-1
4408041,[FR104867][Kaanapali][VoiceCallTranslation][MDF]Floating window could not pop out if make call first then enable translation,Low,Bug,InProgress,jialinl,feisun,1/16/2026 2:43:38 AM,NA,LA.QXSI.16.0-22700-qssi.1-1
4409525,[FR115315][Life Logger][P0.2][Beta3] Unified enrollment ended too quickly,Medium,Bug,InProgress,haiyxiao,junjiez,1/19/2026 2:22:21 AM,NA,NA
4409525,[FR115315][Life Logger][P0.2][Beta3] Unified enrollment ended too quickly,Medium,Bug,InProgress,haiyxiao,junjiez,1/19/2026 2:22:21 AM,NA,LA.QSSI.17.0-21300-qssi.1-1
4409550,"[OPPO][SM6450][case#08315532]Trigger crash and ssr through property If AGM merges into AHAL, access to sys node is not allowed, so makign crash and ssr trigger through property.",Medium,Bug,InProgress,mincyao,lchaluva,1/19/2026 3:02:34 AM,NA,NA
4409883,[FR105833][Glymur][HP]​​Wake-Up Delay from 100ms -> 500ms,Medium,Bug,Withdrawn,yaqih,samyu,1/19/2026 7:01:16 AM,NA,NA
4410015,[FR115315][Life Logger][Phase 0.2]wakeup service stopping ，after repeat enrollment (1/10),Medium,Bug,Closed,mincyao,junjiez,1/19/2026 8:14:37 AM,NA,LA.QSSI.17.0-21300-qssi.1-1
4410017,[QPM_Release][QNN2.4.0][Whisper]QNN version info is incorrect in readme（beta1),Medium,Bug,InProgress,jialinl,dunhye,1/19/2026 8:15:56 AM,NA,NA
4410022,"[QPM_Release][QNN2.4.0][Whisper]Missing ""data"" folder in .\libs\npu\rpc_libraries\assets (beta1)",Medium,Bug,InProgress,jialinl,dunhye,1/19/2026 8:17:56 AM,NA,NA
4410025,[QPM_Release][QNN2.4.0][Whisper]Missing QNN file info of Glymer Device in readme of WOS version (beta1),Medium,Bug,InProgress,jialinl,dunhye,1/19/2026 8:19:37 AM,NA,NA
4410756,[FR115315][Life Logger][Phase 0.2] life logger native heap memory leak when repeatedly entering and exiting the timeline,Medium,Bug,Closed,haiyxiao,qihexu,1/20/2026 2:35:14 AM,NA,LA.QSSI.17.0-21300-qssi.1-1
4411229,[FR115315][Life Logger][Phase0.2][Beta3][Kaanapali] QAIOR LLE Topic Mismatch,Medium,Bug,Analysis,haiyxiao,vipuverm,1/20/2026 7:14:21 AM,NA,NA
4411249,[FR115315][Life Logger][Phase 0.2]The first training stopped too quickly after Wakeup service clear the data,Medium,Bug,Closed,mincyao,junjiez,1/20/2026 7:25:22 AM,NA,LA.QSSI.17.0-21300-qssi.1-1
4412663,[FR104867-L4][Kaanapali][VoiceCallTranslation][MDF]New CDSP crash during translation stability test (1/30),High,Bug,InProgress,jialinl,wjiang,1/21/2026 6:57:36 AM,NA,CDSP.HT.3.2-00838-KAANAPALI-1
4412663,[FR104867-L4][Kaanapali][VoiceCallTranslation][MDF]New CDSP crash during translation stability test (1/30),High,Bug,InProgress,jialinl,wjiang,1/21/2026 6:57:36 AM,NA,LPAIDSP.HT.1.5-00476-BALSAM-1
4412663,[FR104867-L4][Kaanapali][VoiceCallTranslation][MDF]New CDSP crash during translation stability test (1/30),High,Bug,InProgress,jialinl,wjiang,1/21/2026 6:57:36 AM,NA,LPAIDSP.HT.1.5.1-00109-BALSAM-1
4412663,[FR104867-L4][Kaanapali][VoiceCallTranslation][MDF]New CDSP crash during translation stability test (1/30),High,Bug,InProgress,jialinl,wjiang,1/21/2026 6:57:36 AM,NA,MPSS.KI.1.0-02043.6-HAWI_CORE_TEST-1
4412663,[FR104867-L4][Kaanapali][VoiceCallTranslation][MDF]New CDSP crash during translation stability test (1/30),High,Bug,InProgress,jialinl,wjiang,1/21/2026 6:57:36 AM,NA,NA
4412663,[FR104867-L4][Kaanapali][VoiceCallTranslation][MDF]New CDSP crash during translation stability test (1/30),High,Bug,InProgress,jialinl,wjiang,1/21/2026 6:57:36 AM,NA,LPAIDSP.HT.1.2-01034-KAANAPALI-1
4412663,[FR104867-L4][Kaanapali][VoiceCallTranslation][MDF]New CDSP crash during translation stability test (1/30),High,Bug,InProgress,jialinl,wjiang,1/21/2026 6:57:36 AM,NA,ADSP.VT.5.4.5-00160-ALDABRA-1
4412663,[FR104867-L4][Kaanapali][VoiceCallTranslation][MDF]New CDSP crash during translation stability test (1/30),High,Bug,InProgress,jialinl,wjiang,1/21/2026 6:57:36 AM,NA,LPAIDSP.HT.1.4-00705.2-ASPEN-1
4412663,[FR104867-L4][Kaanapali][VoiceCallTranslation][MDF]New CDSP crash during translation stability test (1/30),High,Bug,InProgress,jialinl,wjiang,1/21/2026 6:57:36 AM,NA,LPAIDSP.HT.1.5.c1-00238-BALSAM-1
4413727,[FR115315][Life Logger][P0.2][Beta3] Wakeup service native memory leak during unified enrollment,Medium,Bug,InProgress,haiyxiao,junjiez,1/22/2026 1:38:17 AM,NA,NA
4413727,[FR115315][Life Logger][P0.2][Beta3] Wakeup service native memory leak during unified enrollment,Medium,Bug,InProgress,haiyxiao,junjiez,1/22/2026 1:38:17 AM,NA,LA.QSSI.17.0-21800-qssi.1-1
4413763,[FR115315][Life Logger][P0.2][Beta2] Inaccurate Owner tagging during multi-person conversations,Medium,Bug,Closed,yaqih,yongfeiz,1/22/2026 2:40:16 AM,NA,LA.QSSI.17.0-21300-qssi.1-1
4416051,[FR111092][QPM2.5.0][WOS]Missing generation steps for ARM64X app package,Medium,Bug,InProgress,jialinl,feisun,1/23/2026 8:25:55 AM,NA,NA
4416052,[FR111092][QPM2.5.0][WOS]Whisper model initialization failed on ARM64X app,Medium,Bug,InProgress,jialinl,feisun,1/23/2026 8:27:30 AM,NA,NA
4416057,[FR104867-L4][Kaanapali][VoiceCallTranslation][MDF]Device got crash during translation stability test (1/180),High,Bug,InProgress,jialinl,wjiang,1/23/2026 8:29:48 AM,NA,CDSP.HT.3.6-00322-HAWI-1
4416057,[FR104867-L4][Kaanapali][VoiceCallTranslation][MDF]Device got crash during translation stability test (1/180),High,Bug,InProgress,jialinl,wjiang,1/23/2026 8:29:48 AM,NA,LPAIDSP.HT.1.6-00455-HAWI-1
4416057,[FR104867-L4][Kaanapali][VoiceCallTranslation][MDF]Device got crash during translation stability test (1/180),High,Bug,InProgress,jialinl,wjiang,1/23/2026 8:29:48 AM,NA,MPSS.JO.4.0-00090-SHIKRA_NM_TEST-1
4416057,[FR104867-L4][Kaanapali][VoiceCallTranslation][MDF]Device got crash during translation stability test (1/180),High,Bug,InProgress,jialinl,wjiang,1/23/2026 8:29:48 AM,NA,NA
4416057,[FR104867-L4][Kaanapali][VoiceCallTranslation][MDF]Device got crash during translation stability test (1/180),High,Bug,InProgress,jialinl,wjiang,1/23/2026 8:29:48 AM,NA,AUDIOREACH_SPF.SDK.0.0-00140-AR_SDK-1
4416068,[FR104867-L4][Kaanapali][VoiceCallTranslation][MDF]Translation would lost a lot of content during long speech either TX/RX,High,Bug,InProgress,jialinl,wjiang,1/23/2026 8:38:48 AM,NA,CDSP.HT.3.6-00295.1-HAWI-1
4416068,[FR104867-L4][Kaanapali][VoiceCallTranslation][MDF]Translation would lost a lot of content during long speech either TX/RX,High,Bug,InProgress,jialinl,wjiang,1/23/2026 8:38:48 AM,NA,LPAIDSP.HT.1.2-01071-KAANAPALI-1
4416068,[FR104867-L4][Kaanapali][VoiceCallTranslation][MDF]Translation would lost a lot of content during long speech either TX/RX,High,Bug,InProgress,jialinl,wjiang,1/23/2026 8:38:48 AM,NA,ADSP.VT.5.4.5-00160-ALDABRA-1
4416068,[FR104867-L4][Kaanapali][VoiceCallTranslation][MDF]Translation would lost a lot of content during long speech either TX/RX,High,Bug,InProgress,jialinl,wjiang,1/23/2026 8:38:48 AM,NA,AUDIOREACH_SPF.SDK.0.0-00127-AR_SDK-1
4416068,[FR104867-L4][Kaanapali][VoiceCallTranslation][MDF]Translation would lost a lot of content during long speech either TX/RX,High,Bug,InProgress,jialinl,wjiang,1/23/2026 8:38:48 AM,NA,LPAIDSP.HT.1.2.c1-00450-PAKALA-2
4416068,[FR104867-L4][Kaanapali][VoiceCallTranslation][MDF]Translation would lost a lot of content during long speech either TX/RX,High,Bug,InProgress,jialinl,wjiang,1/23/2026 8:38:48 AM,NA,LPAIDSP.HT.1.5.c1-00238-BALSAM-1
4416068,[FR104867-L4][Kaanapali][VoiceCallTranslation][MDF]Translation would lost a lot of content during long speech either TX/RX,High,Bug,InProgress,jialinl,wjiang,1/23/2026 8:38:48 AM,NA,MPSS.JO.4.0-00080-SHIKRA_CORE_TEST-1
4416068,[FR104867-L4][Kaanapali][VoiceCallTranslation][MDF]Translation would lost a lot of content during long speech either TX/RX,High,Bug,InProgress,jialinl,wjiang,1/23/2026 8:38:48 AM,NA,NA
4416068,[FR104867-L4][Kaanapali][VoiceCallTranslation][MDF]Translation would lost a lot of content during long speech either TX/RX,High,Bug,InProgress,jialinl,wjiang,1/23/2026 8:38:48 AM,NA,CDSP.HT.3.2-00864-KAANAPALI-1
4416068,[FR104867-L4][Kaanapali][VoiceCallTranslation][MDF]Translation would lost a lot of content during long speech either TX/RX,High,Bug,InProgress,jialinl,wjiang,1/23/2026 8:38:48 AM,NA,LPAIDSP.HT.1.5.1-00135-BALSAM-1
4416068,[FR104867-L4][Kaanapali][VoiceCallTranslation][MDF]Translation would lost a lot of content during long speech either TX/RX,High,Bug,InProgress,jialinl,wjiang,1/23/2026 8:38:48 AM,NA,LPAIDSP.HT.1.6-00408-HAWI-1
4416068,[FR104867-L4][Kaanapali][VoiceCallTranslation][MDF]Translation would lost a lot of content during long speech either TX/RX,High,Bug,InProgress,jialinl,wjiang,1/23/2026 8:38:48 AM,NA,MPSS.KI.1.0-02057-HAWI_GENDTF_TEST-1
4417368,"[FR115315][Life Logger][Phase0.2][Beta3][Kaanapali] Life Logger Assistant showing ""Only support query in English"" error during English query",Medium,Bug,Closed,mincyao,qihexu,1/26/2026 8:19:09 AM,NA,LA.QSSI.17.0-21800-qssi.1-1
4419649,"[FR115315][Life Logger][Phase 0.2]voice command in life logger assistant, AI will not autoplayback the response (1/10)",Medium,Bug,Open,mincyao,yongfeiz,1/28/2026 5:16:19 AM,NA,NA
4421091,[FR200254][VoiceAI part]Android 17: SDK version update in QC apps,NA,Requirement,Closed,yaqih,yongfeiz,1/29/2026 3:15:39 AM,NA,LA.QSSI.17.0-22200-qssi.1-1
4421091,[FR200254][VoiceAI part]Android 17: SDK version update in QC apps,NA,Requirement,Closed,yaqih,yongfeiz,1/29/2026 3:15:39 AM,NA,NA
4424444,[FR115315][Life Logger][Phase 0.2]ASR no output after live recording (60%),Medium,Bug,Closed,mincyao,yongfeiz,2/2/2026 3:22:31 AM,NA,LA.QSSI.17.0-22200-qssi.1-1
4425251,FR111081:VoiceAI Unified Enrollment for speaker profiles,NA,Requirement,InProgress,mincyao,zhijsun,2/2/2026 9:46:46 AM,NA,NA
4426509,"[FR115920][QCM8550][TTS][LE]TTS audio truncated: Input length is 4000 characters, but output only contains the first ~1000 characters",Medium,Bug,InProgress,yaqih,feisun,2/3/2026 6:51:16 AM,NA,NA
4427686,[FR115315][Life Logger][Phase 0.2] stuck in file processing after voip call ended (Once),High,Bug,Closed,jialinl,yongfeiz,2/4/2026 2:19:04 AM,NA,LA.QSSI.17.0-23000-qssi.1-1
4427688,[FR111092][QPM2.5.0][WOS]Whisper X64 app could not start recording after recording 60 times ,High,Bug,InProgress,jialinl,feisun,2/4/2026 2:21:20 AM,NA,NA
4429205,[FR115315][Life Logger][Phase 0.2] Life logger recording lost the RX voice during video call of Wechat,Medium,Bug,Closed,jialinl,ruocxu,2/5/2026 3:03:47 AM,NA,LA.QSSI.17.0-23000-qssi.1-1
4429769,[FR111092][QPM2.5.0][WOS]Whisper ARM64 app only got the 30s contents even if the speech over 30s,High,Bug,InProgress,jialinl,feisun,2/5/2026 8:08:42 AM,NA,NA
4429797, [QPM][ASR][2.5.0.0][LE] Correct VAD model destination path in sample app readme file ,Low,Bug,Open,haiyxiao,dunhye,2/5/2026 8:31:20 AM,NA,NA
4432839,[FR115315][Life Logger][P0.2][Beta4] Timeline will not update when processing large audio clip,Medium,Bug,Closed,haiyxiao,qihexu,2/9/2026 8:29:27 AM,NA,LA.QSSI.17.0-23000-qssi.1-1
4432843,[FR115315][Life Logger][P0.2][Beta4] Timeline ANR when processing large audio clip,Medium,Bug,Closed,haiyxiao,qihexu,2/9/2026 8:30:56 AM,NA,LA.QSSI.17.0-23000-qssi.1-1
4433123,"[FR115315][Life Logger][Phase 0.3][UI]""Limit Conversation Length"" UI display change to "" Set max process interval""",Medium,Bug,Closed,mincyao,ruocxu,2/9/2026 10:27:53 AM,NA,LA.QSSI.17.0-23000-qssi.1-1
4433135, [FR115315][Life Logger][Phase 0.3]  UI Reminder for unsupported audio formats,Medium,Bug,Closed,mincyao,ruocxu,2/9/2026 10:30:57 AM,NA,LA.QSSI.17.0-23000-qssi.1-1
4433940,[QACT8.3][Regression] FNN model path can't be edit in QACT 8.3.8.9,Medium,Bug,Closed,jialinl,jmungara,2/10/2026 2:39:22 AM,NA,QACT.WIN.8.3-00241-QACT-1
4433974,[FR113020][Molokai][VoipCallTranslation]The TX mute function will be disabled after audioserver restart(50%),Medium,Bug,InProgress,jialinl,shikmath,2/10/2026 3:23:39 AM,NA,LA.VENDOR.16.2.3-25116-DIVAR.1.CONSOLIDATED-1
4433974,[FR113020][Molokai][VoipCallTranslation]The TX mute function will be disabled after audioserver restart(50%),Medium,Bug,InProgress,jialinl,shikmath,2/10/2026 3:23:39 AM,NA,NA
4433974,[FR113020][Molokai][VoipCallTranslation]The TX mute function will be disabled after audioserver restart(50%),Medium,Bug,InProgress,jialinl,shikmath,2/10/2026 3:23:39 AM,NA,AUDIO_HANDSET.LA.11.0-13000-pakala.1-1
4434519,[FR104867-L4][Kaanapali][VoiceCallTranslation][MDF]The beginning of Chinese sentence would be missing at ASR stage during voice call translation,Medium,Bug,InProgress,jialinl,wjiang,2/10/2026 8:33:51 AM,NA,LPAIDSP.HT.1.6-00455-HAWI-1
4434519,[FR104867-L4][Kaanapali][VoiceCallTranslation][MDF]The beginning of Chinese sentence would be missing at ASR stage during voice call translation,Medium,Bug,InProgress,jialinl,wjiang,2/10/2026 8:33:51 AM,NA,CDSP.HT.3.2-00864-KAANAPALI-1
4434519,[FR104867-L4][Kaanapali][VoiceCallTranslation][MDF]The beginning of Chinese sentence would be missing at ASR stage during voice call translation,Medium,Bug,InProgress,jialinl,wjiang,2/10/2026 8:33:51 AM,NA,CDSP.HT.3.6-00322-HAWI-1
4434519,[FR104867-L4][Kaanapali][VoiceCallTranslation][MDF]The beginning of Chinese sentence would be missing at ASR stage during voice call translation,Medium,Bug,InProgress,jialinl,wjiang,2/10/2026 8:33:51 AM,NA,NA
4434519,[FR104867-L4][Kaanapali][VoiceCallTranslation][MDF]The beginning of Chinese sentence would be missing at ASR stage during voice call translation,Medium,Bug,InProgress,jialinl,wjiang,2/10/2026 8:33:51 AM,NA,ADSP.VT.5.4.5-00173-ALDABRA-1
4434519,[FR104867-L4][Kaanapali][VoiceCallTranslation][MDF]The beginning of Chinese sentence would be missing at ASR stage during voice call translation,Medium,Bug,InProgress,jialinl,wjiang,2/10/2026 8:33:51 AM,NA,AUDIOREACH_SPF.SDK.0.0-00140-AR_SDK-1
4434519,[FR104867-L4][Kaanapali][VoiceCallTranslation][MDF]The beginning of Chinese sentence would be missing at ASR stage during voice call translation,Medium,Bug,InProgress,jialinl,wjiang,2/10/2026 8:33:51 AM,NA,LPAIDSP.HT.1.2-01096-KAANAPALI-1
4434519,[FR104867-L4][Kaanapali][VoiceCallTranslation][MDF]The beginning of Chinese sentence would be missing at ASR stage during voice call translation,Medium,Bug,InProgress,jialinl,wjiang,2/10/2026 8:33:51 AM,NA,LPAIDSP.HT.1.5.1-00144.4-BALSAM-1
4434519,[FR104867-L4][Kaanapali][VoiceCallTranslation][MDF]The beginning of Chinese sentence would be missing at ASR stage during voice call translation,Medium,Bug,InProgress,jialinl,wjiang,2/10/2026 8:33:51 AM,NA,MPSS.JO.4.0-00090-SHIKRA_NM_TEST-1
4434519,[FR104867-L4][Kaanapali][VoiceCallTranslation][MDF]The beginning of Chinese sentence would be missing at ASR stage during voice call translation,Medium,Bug,InProgress,jialinl,wjiang,2/10/2026 8:33:51 AM,NA,MPSS.KI.1.0-02100.12-HAWI_GENVP_TEST-1
4434670,[FR115920][QCM8550][TTS][LE] Update code to be compatible with LE host,Medium,Bug,InProgress,haiyxiao,feisun,2/10/2026 9:38:55 AM,NA,NA
4435627,[FR115315][Life Logger][P0.3][Beta2] Add LifeLogger to the Voice UI domain,Medium,Bug,InProgress,yaqih,ruocxu,2/11/2026 4:14:44 AM,NA,NA
4435627,[FR115315][Life Logger][P0.3][Beta2] Add LifeLogger to the Voice UI domain,Medium,Bug,InProgress,yaqih,ruocxu,2/11/2026 4:14:44 AM,NA,LA.QSSI.17.0-24700-qssi.1-1
4437577,[FR104867-L4][Kaanapali][VoiceCallTranslation][MDF]RX Translation failed even the ASR function have got the content,High,Bug,InProgress,jialinl,wjiang,2/12/2026 7:03:15 AM,NA,LPAIDSP.HT.1.6-00455-HAWI-1
4437577,[FR104867-L4][Kaanapali][VoiceCallTranslation][MDF]RX Translation failed even the ASR function have got the content,High,Bug,InProgress,jialinl,wjiang,2/12/2026 7:03:15 AM,NA,NA
4437577,[FR104867-L4][Kaanapali][VoiceCallTranslation][MDF]RX Translation failed even the ASR function have got the content,High,Bug,InProgress,jialinl,wjiang,2/12/2026 7:03:15 AM,NA,AUDIOREACH_SPF.SDK.0.0-00140-AR_SDK-1
4437577,[FR104867-L4][Kaanapali][VoiceCallTranslation][MDF]RX Translation failed even the ASR function have got the content,High,Bug,InProgress,jialinl,wjiang,2/12/2026 7:03:15 AM,NA,CDSP.HT.3.6-00322-HAWI-1
4437577,[FR104867-L4][Kaanapali][VoiceCallTranslation][MDF]RX Translation failed even the ASR function have got the content,High,Bug,InProgress,jialinl,wjiang,2/12/2026 7:03:15 AM,NA,MPSS.JO.4.0-00090-SHIKRA_NM_TEST-1
4439430, [FR104867-L4][Kaanapali][VoiceCallTranslation][MDF] No EC on RX translation path with speaker mode,Medium,Bug,InProgress,jialinl,shikmath,2/13/2026 9:27:12 AM,NA,NA
4451684,[FR102465][Kannapali][Zipformer]Zipformer v2.0.6 ASR model is failing on meta 1121,High,Bug,Duplicate,jialinl,pbarman,2/26/2026 7:17:20 AM,4272135,NA
4451756,[FR105833][Glymur][HP] Barge-in Max = 46.5% is high during KPI testing,Medium,Bug,InProgress,haiyxiao,klnu,2/26/2026 8:10:44 AM,NA,NA
4459429,[FR115315][Life Logger][Phase 0.2 Beta4]Life logger app got crash during switch turn on/off stability test,Medium,Bug,Analysis,jialinl,ruocxu,3/5/2026 3:07:34 AM,NA,NA
4459786,[FR113896][GameAI][SDK] whisperLog.txt Chinese garbled text,Medium,Bug,Open,haiyxiao,dunhye,3/5/2026 6:27:31 AM,NA,NA
4459993,[FR115315][Life Logger][Phase 0.4]No ASR content display in UI in live recording mode,Medium,Bug,InProgress,mincyao,qihexu,3/5/2026 7:55:33 AM,NA,NA
4460008,[FR115315][Life Logger][Phase 0.3]The RX recording pcm is clipped during voip call,Medium,Bug,InProgress,jialinl,shikmath,3/5/2026 8:05:25 AM,NA,NA
4461487,FR109404:Speakerdiarizationdetect device owner,NA,Requirement,InProgress,jialinl,haozh,3/6/2026 8:38:15 AM,NA,NA
4464564,[QPM_Release_ASR][notebook]Zipformer model notebook doesn't contain net_config.json,Medium,Bug,InProgress,mincyao,jianzz,3/10/2026 6:25:56 AM,NA,NA
4464565,[FR113896][Whipser][X64Windows]Whisper X64 app could not start recording after recording 60 times,Medium,Bug,Open,jialinl,dunhye,3/10/2026 6:25:57 AM,NA,NA
4464580,[FR113896][Whipser][X64Windows]Whisper x64 app only got the 30s contents even if the speech over 30s,Medium,Bug,Open,jialinl,dunhye,3/10/2026 6:30:13 AM,NA,NA
4465887,FR110977:Sound model library updates for enrollment quality check and bad mic detection,NA,Requirement,InProgress,yaqih,feisun,3/11/2026 3:21:25 AM,NA,NA
4466239, FR110975:Stage II UV enhancement with on-device background incremental learning,NA,Requirement,InProgress,haiyxiao,jinzhang,3/11/2026 6:37:25 AM,NA,NA
4471730,[FR111092][QPM2.5.0][Android]Whisper sample app memory leaked during random start/stop stability test,Medium,Bug,InProgress,jialinl,dunhye,3/17/2026 6:40:36 AM,NA,NA
4471907,[FR115315][Life Logger][Phase 0.4]Enrollment without sound input after screen on/off interruption,Medium,Bug,InProgress,mincyao,junjiez,3/17/2026 7:55:37 AM,NA,NA
4472902,FR113916:Always-on voice buffering to DDR,NA,Requirement,InProgress,yaqih,ruocxu,3/18/2026 1:44:04 AM,NA,NA
4472963,FR111080:MMA:small speaker  rejection in HTP  ,NA,Requirement,InProgress,haiyxiao,zhijsun,3/18/2026 3:02:28 AM,NA,NA
4473763,"[FR111081][Unified Enrollment][Kaanapali]Missing ""Heysnapdragon"" prompt words on the UI during enrollment",High,Bug,InProgress,jialinl,zhijsun,3/18/2026 10:32:56 AM,NA,NA
4474505,"[FR115315][Life Logger][Phase 0.3] No ASR diaplay in UI, after enable QAIOR Service",Medium,Bug,Open,mincyao,vipuverm,3/19/2026 3:53:55 AM,NA,NA
4474511,[FR115315][Life Logger][Phase 0.4]Hawi Life logger recording lost the RX voice during mvoip voice call of Wechat after enable live recording after call accept,Medium,Bug,Analysis,mincyao,yidongh,3/19/2026 4:03:25 AM,NA,NA
4474515,[FR107324][Hawi] VoiceAIUseCase ASR repeating issue after set up life logger,High,Bug,Analysis,jialinl,ankmis,3/19/2026 4:11:31 AM,NA,NA
4474523,[FR113916][Hawi][Low Power Recording][Milestone 0] Empty file recorded on QRD,Medium,Bug,Analysis,yaqih,ankmis,3/19/2026 4:34:02 AM,NA,NA
4475581,[FR113916][Hawi][Always on]Audio Data Duplication After Pause,Medium,Bug,Analysis,yaqih,ankmis,3/23/2026 4:16:51 AM,NA,NA
4475909, [FR113916][Hawi][VoiceAIUseCase ASR]ASR Produces No Transcript,Medium,Bug,Analysis,yaqih,ankmis,3/23/2026 7:15:44 AM,NA,NA
4476121,FR109404:Speaker diarization detect device owner,NA,Requirement,Open,haiyxiao,haozh,3/23/2026 9:15:14 AM,NA,NA
4476124,FR111143:Fluence AI v7.0,NA,Requirement,Open,haiyxiao,haozh,3/23/2026 9:16:22 AM,NA,NA
4477011, [FR113916][Hawi][LPAI Recorder]Short recordings (~2s) are not saved,Medium,Bug,Analysis,yaqih,ankmis,3/24/2026 3:06:58 AM,NA,NA
4477411,FW: [OPPO | case#08395818 | SM8975] Duplicate tags found but not display in Discovery Wizard.,Medium,Bug,Analysis,mincyao,smarka,3/24/2026 7:15:09 AM,NA,NA